kind,id,file,heading,source_id,source_label,auteur,titre,source_year,nature,status,priority,type_unite,source_short_title,annee,dossier_source,fichier_source_original,pages_pdf_exemplaire,statut,titre_article,titre_ouvrage,direction,serie,lieu_edition,editeur,pagination,pages_pdf,fiabilite,fichier_source_recommande,chapitres,chapitres_secondaires,niveau_preuve,citation_directe,date_pdf,partie,note,volume_contenant,isbn,artiste,titre_album,date_sortie_album,label,catalogue,producteurs,source_drive,titre_revue,volume_numero,doi,concepts,auteurs_direction,auteur_alias,note_auteur,date,institution,command_paper,collection,usage,source_url,titre_chapitre,titre_section,publication_connue,pagination_article,collection_ou_imprint,fichier_source,note_s29,auteur_principal,lieu_publication,annee_publication,isbn_paperback,isbn_hardback,isbn_cloth,editeurs,edition,titre_ouvrage_recense,auteur_ouvrage_recense,annee_ouvrage_recense,revue,volume,dossier,date_publication,url,reference_complete,source_origin,arbitrage,prudence,legacy_id,croisements_corpus,distinction_critique,imprint
source,S57,sources/villani_ti_sfido_a_disperarti/source.md,"S57 — Source canonique — Villani, « Ti sfido a disperarti », 2021",S57,"S57 — Villani, Ti sfido a disperarti, 2021",Massimo Villani,Ti sfido a disperarti. I Joy Division e la notte del pensiero,2021,,,,source,"Villani, Ti sfido a disperarti, 2021",2021,sources/villani_ti_sfido_a_disperarti/,Alfonso Amendola e Linda Barone - Our vision touched the sky.pdf,p. 214-219 de l’exemplaire PDF de travail,source canonique fixée,,,,,,,,,,,,,,,,,,,,,,,,,,,,,,,,,,,,,,,,,,,,,,,,,,,,,,,,,,,,,,,,,,,,,,
source,S29,sources/goddard_missions_dead_souls/source.md,"S29 — Goddard, « Missions of Dead Souls », 2018",S29,"S29 — Goddard, Missions of Dead Souls, 2018",Michael Goddard,"Missions of Dead Souls: A Hauntology of the Industrial, Modernism and Esotericism in the Music of Joy Division",2018,chapitre d’ouvrage critique / étude esthétique et théorique,,,,"Goddard, Missions of Dead Souls, 2018",2018,sources/goddard_missions_dead_souls/,"Martin Power, Eoin Devereux, Aileen Dillane - Heart & Soul, Critical Essays on Joy Division.pdf",,verifie ; source canonique fixée ; remplace l’ancienne attribution 2011 / Our Vision Touched the Sky,"Missions of Dead Souls: A Hauntology of the Industrial, Modernism and Esotericism in the Music of Joy Division",Heart and Soul: Critical Essays on Joy Division,"[""Martin J. Power"", ""Eoin Devereux"", ""Aileen Dillane""]","Popular Musics Matter: Social, Political and Cultural Interventions",London ; New York,Rowman & Littlefield International,p. 3-16,34-47,forte comme source critique ; à croiser pour les faits biographiques et les citations de paroles,S29_goddard_missions_dead_souls_heart_and_soul_2018.pdf,"[""Chapitre 1"", ""Chapitre 3"", ""Chapitre 7"", ""Chapitre 11"", ""Chapitre 14""]","[""Chapitre 5"", ""Chapitre 9""]",source secondaire critique / cadre théorique hauntologique,False,,,,,,,,,,,,,,,,,,,,,,,,,,,,,,,,,,,,,,,,,,,,,,,,,,,,,,,,
source,S80,sources/valdes_miyares_transmission/source.md,"Source S80 — Valdés Miyares, « Communication Breakdown: Inarticulacy and the Significance of ""Transmission"" », 2018",,"S80 — Valdés Miyares, Communication Breakdown / Transmission, 2018",J. Rubén Valdés Miyares,Communication Breakdown: Inarticulacy and the Significance of 'Transmission',2018,chapitre d'ouvrage collectif,,,,"J. Rubén Valdés Miyares, Communication Breakdown: Inarticulacy and the Significance of 'Transmission', 2018",2018,sources/valdes_miyares_transmission/,,,atomisee,Communication Breakdown: Inarticulacy and the Significance of 'Transmission',Heart and Soul: Critical Essays on Joy Division,"Martin J. Power, Eoin Devereux, Aileen Dillane",Popular Musics Matter,,Rowman & Littlefield International,p. 99–114,,haute,,,,,,2021-01-15,PART 3: Joy Division and Mental Health,,,,,,,,,,,,,,,,,,,,,,,,,,,,,,,,,,,,,,,,,,,,,,,,,,,,,,
source,S77,sources/worley_punk_politics_british_fanzines/source.md,"S77 — Source canonique — Worley, « Punk, Politics and British (fan)zines, 1976–84 », 2015",S77,"S77 — Worley, Punk, Politics and British (fan)zines, 1976–84, 2015",Matthew Worley,"‘While the world was dying, did you wonder why?’: Punk, Politics and British (fan)zines, 1976–84",2015,,,,source,"Worley, Punk, Politics and British (fan)zines, 1976–84, 2015",2015,sources/worley_punk_politics_british_fanzines/,Fanzines submitted (1).pdf,40 pages ; article accepté ; version CentAUR / University of Reading,source canonique fixée,,,,,,,,,,,,,,,,,,,,,,,,,,,,,,,,,,,,,,,,,,,,,,,,,,,,,,,,,,,,,,,,,,,,,,
source,S07,sources/engels_condition_working_class_england/source.md,"S07 — Source canonique — Engels, *The Condition of the Working Class in England*, 1845 / éd. Penguin Classics 1987",S07,"S07 — Engels, The Condition of the Working Class in England, 1845 / éd. Penguin Classics 1987",Friedrich Engels,The Condition of the Working Class in England,1845,,,,source,"Engels, The Condition of the Working Class in England, 1845",1845,sources/engels_condition_working_class_england/,condition-working-class-england.pdf,"206 pages ; passages utiles prioritaires : Introduction, The Industrial Proletariat, The Great Towns, Manchester / Salford / Hulme",source canonique refixée,,,,,,,,,,,,,,,,,,,,,,,,,,,,,,,,,,,,,,,,,,,,,,,,,,,,,,,,,,,,,,,,,,,,,,
source,S88,sources/cashell_spectral_presences_new_order/source.md,"Source S88 — Cashell, « Things That Aren't There: Spectral Presences in Musical Absences – The Transition from Joy Division to New Order », 2018",,"S88 — Cashell, Spectral Presences: Transition from Joy Division to New Order, 2018",Kieran Cashell,Things That Aren't There: Spectral Presences in Musical Absences – The Transition from Joy Division to New Order,2018,chapitre d'ouvrage collectif,,,,"Kieran Cashell, Things That Aren't There: Spectral Presences in Musical Absences – The Transition from Joy Division to New Order, 2018",2018,sources/cashell_spectral_presences_new_order/,,,atomisee,Things That Aren't There: Spectral Presences in Musical Absences – The Transition from Joy Division to New Order,Heart and Soul: Critical Essays on Joy Division,"Martin J. Power, Eoin Devereux, Aileen Dillane",Popular Musics Matter,,Rowman & Littlefield International,p. 245–266,,a_evaluer,,,,,,2021-01-15,"PART 6: Temptation, Transmission and Transitions","Contient deux figures : The Gnomon (fig. 15.1, p. 250) et pochette 'Ceremony' 1981, Saville & Wickens (fig. 15.2, p. 259).",,,,,,,,,,,,,,,,,,,,,,,,,,,,,,,,,,,,,,,,,,,,,,,,,,,,,
source,S85,sources/malcolm_mining_counterculture/source.md,"Source S85 — Malcolm, « Mining for Counterculture », 2018",,"S85 — Malcolm, Mining for Counterculture, 2018",Colin Malcolm,Mining for Counterculture,2018,chapitre d'ouvrage collectif,,,,"Colin Malcolm, Mining for Counterculture, 2018",2018,sources/malcolm_mining_counterculture/,,,atomisee,Mining for Counterculture,Heart and Soul: Critical Essays on Joy Division,"Martin J. Power, Eoin Devereux, Aileen Dillane",Popular Musics Matter,,Rowman & Littlefield International,p. 195–208,,a_evaluer,,,,,,2021-01-15,PART 5: Cultural Legacies,"Contient une figure : parka Raf Simons avec logo Factory Records, Open Eye Gallery 2017 (fig. 12.1, p. 196).",,,,,,,,,,,,,,,,,,,,,,,,,,,,,,,,,,,,,,,,,,,,,,,,,,,,,
source,S51,sources/malvezzi_dream_english_kid_lo_fi/source.md,"S51 — Source canonique — Malvezzi, « Dream English Kid 1978-1980. L’immagine lo-fi dei Joy Division nei media popolari inglesi », 2021",S51,"S51 — Malvezzi, Dream English Kid 1978-1980, 2021",Jennifer Malvezzi,Dream English Kid 1978-1980. L’immagine lo-fi dei Joy Division nei media popolari inglesi,2021,,,,source,"Malvezzi, Dream English Kid 1978-1980, 2021",2021,sources/malvezzi_dream_english_kid_lo_fi/,Alfonso Amendola e Linda Barone - Our vision touched the sky.pdf,p. 134-145,source canonique fixée,,,,,Roma,Rogas Edizioni,,,,,,,,,,,,"Alfonso Amendola et Linda Barone (dir.), Our Vision Touched the Sky: Fenomenologia dei Joy Division, Roma, Rogas Edizioni, 2021",9788845294778,,,,,,,,,,,,,,,,,,,,,,,,,,,,,,,,,,,,,,,,,,,,,,,,,,,
source,S63,sources/jacobson_jeffrey_wilson_faustian/source.md,"Source S63 — Jacobson & Jeffrey, « Tony Wilson's Bloody Contract », 2018",,"S63 — Jacobson & Jeffrey, Tony Wilson's Bloody Contract, 2018","Dan Jacobson, Ian Jeffrey",Tony Wilson's Bloody Contract: A Re-enactment of the Faustian Bargain,2018,chapitre d'ouvrage collectif,,,,"Dan Jacobson, Ian Jeffrey, Tony Wilson's Bloody Contract: A Re-enactment of the Faustian Bargain, 2018",2018,sources/jacobson_jeffrey_wilson_faustian/,,,atomisee,Tony Wilson's Bloody Contract: A Re-enactment of the Faustian Bargain,Heart and Soul: Critical Essays on Joy Division,"Martin J. Power, Eoin Devereux, Aileen Dillane",Popular Musics Matter,,Rowman & Littlefield International,p. 17–32,,"forte comme analyse conceptuelle ; données historiques (RCA, Brandwood) à croiser avec S41 et S45",,,,,,2021-01-15,PART 1: Dead Souls: Hauntology and Faustian Contracts,,,,,,,,,,,,,,,,,,,,,,,,,,,,,,,,,,,,,,,,,,,,,,,,,,,,,,
source,S67,sources/naiman_lonely_place_illness/source.md,"Source S67 — Naiman, « In a Lonely Place: Illness and the Temporal Exile of Ian Curtis », 2018",,"S67 — Naiman, In a Lonely Place: Illness and Temporal Exile of Ian Curtis, 2018",Tiffany Naiman,In a Lonely Place: Illness and the Temporal Exile of Ian Curtis,2018,chapitre d'ouvrage collectif,,,,"Tiffany Naiman, In a Lonely Place: Illness and the Temporal Exile of Ian Curtis, 2018",2018,sources/naiman_lonely_place_illness/,,,atomisee,In a Lonely Place: Illness and the Temporal Exile of Ian Curtis,Heart and Soul: Critical Essays on Joy Division,"Martin J. Power, Eoin Devereux, Aileen Dillane",Popular Musics Matter,,Rowman & Littlefield International,p. 83–98,,haute,,,,,,2021-01-15,PART 3: Joy Division and Mental Health,"Le chapitre contient une notation musicale originale de la mélodie de 'Love Will Tear Us Apart' (fig. 6.1, p. 91).",,,,,,,,,,,,,,,,,,,,,,,,,,,,,,,,,,,,,,,,,,,,,,,,,,,,,
source,S66,sources/schutte_curtis_lyrics/source.md,"Source S66 — Schütte, « On Ian Curtis's Lyrics », 2018",,"S66 — Schütte, On Ian Curtis's Lyrics, 2018",Uwe Schütte,'Possessed by a Fury That Burns from Inside': On Ian Curtis's Lyrics,2018,chapitre d'ouvrage collectif,,,,"Uwe Schütte, 'Possessed by a Fury That Burns from Inside': On Ian Curtis's Lyrics, 2018",2018,sources/schutte_curtis_lyrics/,,,atomisee,'Possessed by a Fury That Burns from Inside': On Ian Curtis's Lyrics,Heart and Soul: Critical Essays on Joy Division,"Martin J. Power, Eoin Devereux, Aileen Dillane",Popular Musics Matter,,Rowman & Littlefield International,p. 63–80,,forte_comme_lecture_analytique_litteraire_a_croiser_avec_sources_primaires_pour_assertions_biographiques,,,,,,2021-01-15,"PART 2: Ballard, Burroughs, Dostoevsky and Gogol: Literary (and Visual) Influences on Joy Division",,,,,,,,,,,,,,,,,,,,,,,,,,,,,,,,,,,,,,,,,,,,,,,,,,,,,,
source,S14,sources/happy_mondays_gods_cop/source.md,"S14 — Happy Mondays, « God’s Cop », 1990",S14,"S14 — Happy Mondays, God’s Cop, 1990",Happy Mondays,God’s Cop,1990,référence discographique / chanson / source musicale primaire éditorialisée,,,,"Happy Mondays, God’s Cop, 1990",1990,sources/happy_mondays_gods_cop/,R-79847-1565780998-8296.jpg,,verifie ; source canonique fixée,,,,,,,,,forte pour l’identification discographique ; paroles et interprétation à vérifier avant citation,S14_happy_mondays_gods_cop_factory_fac334_reference.jpg,"[""Chapitre 1"", ""Chapitre 14""]","[""Chapitre 8""]",source musicale primaire ; référence discographique,False,,,,,,Happy Mondays,Pills ’n’ Thrills and Bellyaches,1990-11-05,Factory Records,FAC 334,"[""Paul Oakenfold"", ""Steve Osborne""]",https://drive.google.com/file/d/11IUb6LwRSZE-1vPhpl-GPRdxkXwSIRh6/view?usp=drive_link,,,,,,,,,,,,,,,,,,,,,,,,,,,,,,,,,,,,,,,,,,,,
source,S42,sources/amendola_troianiello_metropoli_spazio_periferico/source.md,"S42 — Source canonique — Amendola & Troianiello, « Metropoli e spazio periferico nell’underground post-punk inglese », 2021",S42,"S42 — Amendola & Troianiello, Metropoli e spazio periferico nell’underground post-punk inglese, 2021",Alfonso Amendola et Novella Troianiello,Metropoli e spazio periferico nell’underground post-punk inglese,2021,,,,source,"Amendola & Troianiello, Metropoli e spazio periferico, 2021",2021,sources/amendola_troianiello_metropoli_spazio_periferico/,Alfonso Amendola e Linda Barone - Our vision touched the sky.pdf,,source canonique fixée,,,,,,,,,,,,,,,,,,"Alfonso Amendola et Linda Barone (dir.), Our Vision Touched the Sky: Fenomenologia dei Joy Division, Roma, Rogas Edizioni, 2021",,,,,,,,https://drive.google.com/file/d/1qyK58ESFhF_yLIULGXV6uIu4lxS2ZNF-/view?usp=drive_link,,,,,,,,,,,,,,,,,,,,,,,,,,,,,,,,,,,,,,,,,,,,
source,S49,sources/farci_danza_esistenziale_ian_curtis/source.md,"S49 — Source canonique — Farci, « Here are the Young Men, the weight on their shoulders. La danza esistenziale di Ian Curtis », 2021",S49,"S49 — Farci, Here are the Young Men, the weight on their shoulders, 2021",Manolo Farci,"Here are the Young Men, the weight on their shoulders. La danza esistenziale di Ian Curtis",2021,,,,source,"Farci, Here are the Young Men, the weight on their shoulders, 2021",2021,sources/farci_danza_esistenziale_ian_curtis/,Alfonso Amendola e Linda Barone - Our vision touched the sky.pdf,p. 99-113,source canonique fixée,,,,,Roma,Rogas Edizioni,,,,,,,,,,,,"Alfonso Amendola et Linda Barone (dir.), Our Vision Touched the Sky: Fenomenologia dei Joy Division, Roma, Rogas Edizioni, 2021",9788845294778,,,,,,,,,,,,,,,,,,,,,,,,,,,,,,,,,,,,,,,,,,,,,,,,,,,
source,S78,sources/nevarez_how_joy_division_came_to_sound_like_manchester/source.md,"S78 — Source canonique — Nevarez, « How Joy Division Came to Sound Like Manchester », 2013",S78,"S78 — Nevarez, How Joy Division Came to Sound Like Manchester, 2013",Leonard Nevarez,How Joy Division Came to Sound Like Manchester: Myth and Ways of Listening in the Neoliberal City,2013,,,,source,"Nevarez, How Joy Division Came to Sound Like Manchester, 2013",2013,sources/nevarez_how_joy_division_came_to_sound_like_manchester/,nevarez-how-joy-division-came-to-sound-like-manchester.pdf,22 pages ; article publié p. 56-76,source canonique fixée,,,,,,,,,,,,,,,,,,,,,,,,,,,,,,,,,,,,,,,,,,,,,,,,,,,,,,,,,,,,,,,,,,,,,,
source,S61,sources/iovane_riccio_trademark_will_tear_us_apart/source.md,"S61 — Source canonique — Iovane & Riccio, « Trademark will tear us apart again », 2021",S61,"S61 — Iovane & Riccio, Trademark will tear us apart again, 2021",Giada Iovane ; Giovanni Maria Riccio,Trademark will tear us apart again. A proposito di marchi di impresa e nomi di gruppi musicali: il caso Joy Division,2021,,,,source,"Iovane & Riccio, Trademark will tear us apart again, 2021",2021,sources/iovane_riccio_trademark_will_tear_us_apart/,Alfonso Amendola e Linda Barone - Our vision touched the sky.pdf,p. 287-307 de l’exemplaire PDF de travail,source canonique fixée,,,,,,,,,,,,,,,,,,,,,,,,,,,,,,,,,,,,,,,,,,,,,,,,,,,,,,,,,,,,,,,,,,,,,,
source,S34,sources/fraser_fuoto_manchester_1976/source.md,"S34 — Fraser & Fuoto, « Manchester, 1976 », 2012",S34,"S34 — Fraser & Fuoto, Manchester, 1976, 2012",Benjamin Fraser ; Abby Fuoto,"Manchester, 1976: Documenting the urban nature of Joy Division’s musical production",2012,article universitaire / études urbaines et musicales,,,,"Fraser & Fuoto, Manchester, 1976, 2012",2012,sources/fraser_fuoto_manchester_1976/,"Benjamin Fraser, Abby Fuoto - Manchester 1976, documenting the urban nature of joy division’s musical production.pdf",,verifie ; source canonique fixée ; PDF fourni et identifié,"Manchester, 1976: Documenting the urban nature of Joy Division’s musical production",,,,,Intellect Ltd,p. 139-154,,"forte comme source critique interdisciplinaire ; à croiser pour les faits biographiques, les lectures de chansons et les références au documentaire de Grant Gee",S34_fraser_fuoto_manchester_1976_punk_post_punk_2012.pdf,"[""Chapitre 1"", ""Chapitre 3"", ""Chapitre 13""]","[""Chapitre 7"", ""Chapitre 8"", ""Chapitre 14""]","source secondaire universitaire / lecture critique croisant urban studies, musicologie populaire et analyse filmique",False,,,,,,,,,,,,https://drive.google.com/file/d/1U5-_0Hu4z1cKTsVCtOXa1g7HZem0Vvxn/view?usp=drive_link,Punk & Post-Punk,1 (2),10.1386/punk.1.2.139_1,,,,,,,,,,,,,,,,,,,,,,,,,,,,,,,,,,,,,,,,,
source,S69,sources/greig_strong/source.md,Métadonnées,S69,"S69 — Greig & Strong, But We Remember When We Were Young, 2014",Alastair Greig ; Catherine Strong,But We Remember When We Were Young,2014,,,,source,"Greig & Strong, But We Remember When We Were Young, 2014",,,,,verifie,,,,,,,,,forte,,"[""Chapitre 9"", ""Chapitre 10"", ""Chapitre 11"", ""Chapitre 14""]",,,False,,,,,,,,,,,,,,,,"[""nostalgie"", ""mémoire culturelle"", ""joy division"", ""médias de masse""]",,,,,,,,,,,,,,,,,,,,,,,,,,,,,,,,,,,,,,,,
source,S26,sources/butt_eshun_fisher_post_punk_then_now/source.md,"S26 — Butt, Eshun & Fisher (dir.), *Post-Punk Then and Now*, 2016",S26,"S26 — Butt, Eshun & Fisher (dir.), Post-Punk Then and Now, 2016",Gavin Butt ; Kodwo Eshun ; Mark Fisher (dir.),Post-Punk Then and Now,2016,ouvrage collectif / études culturelles / actes de conférences et conversations,,,,"Butt, Eshun & Fisher, Post-Punk Then and Now, 2016",2016,sources/butt_eshun_fisher_post_punk_then_now/,Gavin Butt - Post-Punk Then and Now.pdf,,verifie ; source canonique fixée,,,,,London,Repeater Books,,,forte comme source critique ; à distinguer selon les chapitres et locuteurs,S26_butt_eshun_fisher_post_punk_then_now_2016.pdf,"[""Chapitre 1"", ""Chapitre 3"", ""Chapitre 7"", ""Chapitre 8"", ""Chapitre 14""]","[""Chapitre 2"", ""Chapitre 9"", ""Chapitre 11""]",source secondaire critique / source orale éditorialisée,False,,,,,,,,,,,,,,,,,"[""Gavin Butt"", ""Kodwo Eshun"", ""Mark Fisher""]",,,,,,,,,,,,,,,,,,,,,,,,,,,,,,,,,,,,,,,
source,S15,sources/deluca_manchester_punk_threshold/source.md,"S15 — De Luca, The Sound and the Fury, 2021",S15,"S15 — De Luca, The Sound and the Fury, 2021",Daniele De Luca,"The Sound and the Fury. Manchester, i Joy Division e la crisi sociopolitica dell’Inghilterra degli anni Settanta",2021,article d’ouvrage collectif / source critique historico-culturelle,,,,"De Luca, The Sound and the Fury, 2021",2021,,,,atomisee,"The Sound and the Fury. Manchester, i Joy Division e la crisi sociopolitica dell’Inghilterra degli anni Settanta",Our Vision Touched the Sky: Fenomenologia dei Joy Division,Alfonso Amendola ; Linda Barone,,Roma,Rogas Edizioni,,54-63,"forte pour l’analyse critique ; à croiser pour les faits historiques, la date des concerts, les participants et les détails biographiques",S15_deluca_the_sound_and_the_fury_2021.pdf,"[""Chapitre 1"", ""Chapitre 2"", ""Chapitre 3""]","[""Chapitre 7"", ""Chapitre 14""]",source secondaire critique / lecture historico-culturelle,False,,,,,9788845294778,,,,,,,https://drive.google.com/file/d/1i4yRFXBFMrCey2N9eAQs5qJJfGe9Wssf/view?usp=drive_link,,,,,,"[""Daniele DeLuca""]",,,,,,,,,,,,,,,,,,,,,,,,,,,,,,,,,,,,,,
source,S58,sources/ilardi_ian_curtis_is_not_dead/source.md,"S58 — Source canonique — Ilardi, « Ian Curtis is not dead », 2021",S58,"S58 — Ilardi, Ian Curtis is not dead, 2021",Emiliano Ilardi,Ian Curtis is not dead. Dalla Factory Records ai rave nelle factories,2021,,,,source,"Ilardi, Ian Curtis is not dead, 2021",2021,sources/ilardi_ian_curtis_is_not_dead/,Alfonso Amendola e Linda Barone - Our vision touched the sky.pdf,p. 266-279 de l’exemplaire PDF de travail,source canonique fixée,,,,,,,,,,,,,,,,,,,,,,,,,,,,,,,,,,,,,,,,,,,,,,,,,,,,,,,,,,,,,,,,,,,,,,
source,S64,sources/botta_european_imaginary/source.md,"Source S64 — Bottà, « The European Imaginary of Joy Division », 2018",,"S64 — Bottà, European Imaginary of Joy Division, 2018",Giacomo Bottà,"Trying to Find a Clue, Trying to Find a Way to Get Out! The European Imaginary of Joy Division",2018,chapitre d'ouvrage collectif,,,,"Giacomo Bottà, Trying to Find a Clue, Trying to Find a Way to Get Out! The European Imaginary of Joy Division, 2018",2018,sources/botta_european_imaginary/,,,atomisee,"Trying to Find a Clue, Trying to Find a Way to Get Out! The European Imaginary of Joy Division",Heart and Soul: Critical Essays on Joy Division,"Martin J. Power, Eoin Devereux, Aileen Dillane",Popular Musics Matter,,Rowman & Littlefield International,p. 33–46,,forte comme cadrage analytique et géographique ; données événementielles à croiser avec S41 et S45,,,,,,2021-01-15,"PART 2: Ballard, Burroughs, Dostoevsky and Gogol: Literary (and Visual) Influences on Joy Division",,,,,,,,,,,,,,,,,"Giacomo Bottà est aussi l'auteur du volume Deindustrialization and Popular Music in 1980s Urban Europe (Rowman & Littlefield, à paraître) dans la même série Popular Musics Matter.",,,,,,,,,,,,,,,,,,,,,,,,,,,,,,,,,,,,,
source,S53,sources/la_rocca_immagini_simboli_incarnazione_mitica/source.md,"S53 — Source canonique — La Rocca, « Immagini e simboli nell’incarnazione mitica dei Joy Division », 2021",S53,"S53 — La Rocca, Immagini e simboli nell’incarnazione mitica dei Joy Division, 2021",Fabio La Rocca,Immagini e simboli nell’incarnazione mitica dei Joy Division,2021,,,,source,"La Rocca, Immagini e simboli nell’incarnazione mitica, 2021",2021,sources/la_rocca_immagini_simboli_incarnazione_mitica/,Alfonso Amendola e Linda Barone - Our vision touched the sky.pdf,p. 158-169,source canonique fixée,,,,,Roma,Rogas Edizioni,,,,,,,,,,,,"Alfonso Amendola et Linda Barone (dir.), Our Vision Touched the Sky: Fenomenologia dei Joy Division, Roma, Rogas Edizioni, 2021",9788845294778,,,,,,,,,,,,,,,,,,,,,,,,,,,,,,,,,,,,,,,,,,,,,,,,,,,
source,S11,sources/uk_treasury_fsbr_1987_88/source.md,"S11 — HM Treasury, *Financial Statement and Budget Report 1987-88*, 1987",S11,"S11 — HM Treasury, Financial Statement and Budget Report 1987-88, 1987",HM Treasury,Financial Statement and Budget Report 1987-88,1987,source primaire gouvernementale / source budgétaire et macroéconomique,,,,"HM Treasury, FSBR 1987-88, 1987",1987,sources/uk_treasury_fsbr_1987_88/,Financial-Statement-and-Budget-Report-1987-88.pdf,,verifie ; source canonique fixée,,,,,London,Her Majesty’s Stationery Office,,,forte pour les données et le cadrage gouvernemental 1987 ; à contextualiser politiquement,S11_hm_treasury_fsbr_1987_88.pdf,"[""Chapitre 1""]","[""Chapitre 14""]",source primaire gouvernementale contemporaine,False,,,,,,,,,,,,https://drive.google.com/file/d/12QIyJ7ItW_ofLl6M-gOuqGkkX7vPaPz6/view?usp=drive_link,,,,,,,,1987-03-17,HM Treasury,House of Commons No. 194,,,,,,,,,,,,,,,,,,,,,,,,,,,,,,,,,,
source,S65,sources/martinez_literary_influences_jd/source.md,"Source S65 — Martínez, « Literary Influences on Joy Division: Ballard, Kafka, Dostoevsky », 2018",,"S65 — Martínez, Literary Influences on Joy Division, 2018",Sara Martínez,"Literary Influences on Joy Division: J. G. Ballard, Franz Kafka, Dostoevsky",2018,chapitre d'ouvrage collectif,,,,"Sara Martínez, Literary Influences on Joy Division: J. G. Ballard, Franz Kafka, Dostoevsky, 2018",2018,sources/martinez_literary_influences_jd/,,,atomisee,"Literary Influences on Joy Division: J. G. Ballard, Franz Kafka, Dostoevsky",Heart and Soul: Critical Essays on Joy Division,"Martin J. Power, Eoin Devereux, Aileen Dillane",Popular Musics Matter,,Rowman & Littlefield International,p. 47–62,,forte_comme_lecture_analytique_a_croiser_avec_sources_primaires_pour_citations_directes,,,,,,2021-01-15,"PART 2: Ballard, Burroughs, Dostoevsky and Gogol: Literary (and Visual) Influences on Joy Division",,,,,,,,,,,,,,,,,,,,,,,,,,,,,,,,,,,,,,,,,,,,,,,,,,,,,,
source,S75,sources/ott_unknown_pleasures/README.md,"S75 — Ott, Joy Division's Unknown Pleasures, 2004",,"S75 — Ott, Joy Division's Unknown Pleasures, 2004",Chris Ott,Joy Division's Unknown Pleasures,2004,,,,metadata,"Chris Ott, Joy Division's Unknown Pleasures, 2004",2004,,,,source canonique créée ; à atomiser sélectivement v2,,,,,,Continuum Publishing Group,,,,,,,,,,,,,0826415490,,,,,,,,,,,,,,,,,,33 1/3,Unknown Pleasures ; Martin Hannett ; production ; sessions ; son ; mythes de studio ; réception critique ; déconstruction fact/fiction,,,,,,,,,,,,,,,,,,,,,,,,,,,,,,,,
source,S19,sources/bourdieu_trois_etats_capital_culturel/source.md,"S19 — Source canonique — Bourdieu, « Les trois états du capital culturel », 1979",S19,"S19 — Bourdieu, Les trois états du capital culturel, 1979",Pierre Bourdieu,Les trois états du capital culturel,1979,,,,source,"Bourdieu, Les trois états du capital culturel, 1979",1979,sources/bourdieu_trois_etats_capital_culturel/,arss_0335-5322_1979_num_30_1_2654.pdf,7 pages ; article p. 3-6 de la revue,source canonique refixée,,,,,,,,,,,,,,,,,,,,,,,,,,,,,,,,,,,,,,,,,,,,,,,,,,,,,,,,,,,,,,,,,,,,,,
source,S83,sources/greenwood_tarpey_hannett_architecture/source.md,"Source S83 — Greenwood & Tarpey, « Manchester, Martin Hannett and Joy Division's Pungent Architecture », 2018",,"S83 — Greenwood & Tarpey, Manchester, Hannett and Joy Division's Pungent Architecture, 2018","John S. Greenwood, Paul Tarpey","Manchester, Martin Hannett and Joy Division's Pungent Architecture",2018,chapitre d'ouvrage collectif,,,,"John S. Greenwood, Paul Tarpey, Manchester, Martin Hannett and Joy Division's Pungent Architecture, 2018",2018,sources/greenwood_tarpey_hannett_architecture/,,,atomisee,"Manchester, Martin Hannett and Joy Division's Pungent Architecture",Heart and Soul: Critical Essays on Joy Division,"Martin J. Power, Eoin Devereux, Aileen Dillane",Popular Musics Matter,,Rowman & Littlefield International,p. 155–170,,haute,,,,,,2021-01-15,"PART 4: Interzone: Sounds, Images and Style",,,,,,,,,,,,,,,,,,,,,,,,,,,,,,,,,,,,,,,,,,,,,,,,,,,,,,
source,S70,sources/suatoni/source.md,Métadonnées,S70,"S70 — Suatoni, Joy Division, s.d.",Alfredo Suatoni,Joy Division,s.d.,,,,source,"Suatoni, Joy Division, s.d.",,,,,a_consolider,,,,,,,,,moyenne,,"[""Chapitre 2"", ""Chapitre 3"", ""Chapitre 5"", ""Chapitre 6"", ""Chapitre 7"", ""Chapitre 8"", ""Chapitre 9"", ""Chapitre 10"", ""Chapitre 11"", ""Chapitre 14""]",,,False,,,,,,,,,,,,,,,,"[""joy division"", ""chronologie"", ""discographie"", ""esthétique sonore"", ""culte""]",,,,,,,,,,,,,,,,,,,,,,,,,,,,,,,,,,,,,,,,
source,S54,sources/gnocchi_interzona_burroughs_ballard/source.md,"S54 — Source canonique — Gnocchi, « Interzona. Burroughs e Ballard nei testi di Ian Curtis », 2021",S54,"S54 — Gnocchi, Interzona. Burroughs e Ballard nei testi di Ian Curtis, 2021",Alessandro Gnocchi,Interzona. Burroughs e Ballard nei testi di Ian Curtis,2021,,,,source,"Gnocchi, Interzona, 2021",2021,sources/gnocchi_interzona_burroughs_ballard/,Alfonso Amendola e Linda Barone - Our vision touched the sky.pdf,p. 170-180,source canonique fixée,,,,,Roma,Rogas Edizioni,,,,,,,,,,,,"Alfonso Amendola et Linda Barone (dir.), Our Vision Touched the Sky: Fenomenologia dei Joy Division, Roma, Rogas Edizioni, 2021",9788845294778,,,,,,,,,,,,,,,,,,,,,,,,,,,,,,,,,,,,,,,,,,,,,,,,,,,
source,S08,sources/internationale_situationniste_2_psychogeographie_derive/source.md,"S08 — Source canonique — *Internationale situationniste*, n° 2, 1958",S08,"S08 — Internationale situationniste, n° 2, psychogéographie et dérive, 1958",Internationale situationniste ; Abdelhafid Khatib ; Guy Debord,"Internationale situationniste, n° 2 : Essai de description psychogéographique des Halles ; Théorie de la dérive",1958,,,,source,"Internationale situationniste, n° 2, 1958",1958,sources/internationale_situationniste_2_psychogeographie_derive/,internationale_situationniste_2.pdf,20 pages ; passages utiles p. 13-20 de l’exemplaire PDF,source canonique refixée,,,,,,,,,,,,,,,,,,,,,,,,,,,,,,,,,,,,,,,,,,,,,,,,,,,,,,,,,,,,,,,,,,,,,,
source,S81,sources/devereux_cullen_meagher_curtis_suicide/source.md,"Source S81 — Devereux, Cullen & Meagher, « Revisiting Ian Curtis's Suicide », 2018",,"S81 — Devereux, Cullen & Meagher, Revisiting Ian Curtis's Suicide, 2018","Eoin Devereux, Walter Cullen, David Meagher",This Is the Crisis I Knew Had to Come: Revisiting Ian Curtis's Suicide,2018,chapitre d'ouvrage collectif,,,,"Eoin Devereux, Walter Cullen, David Meagher, This Is the Crisis I Knew Had to Come: Revisiting Ian Curtis's Suicide, 2018",2018,sources/devereux_cullen_meagher_curtis_suicide/,,,atomisee,This Is the Crisis I Knew Had to Come: Revisiting Ian Curtis's Suicide,Heart and Soul: Critical Essays on Joy Division,"Martin J. Power, Eoin Devereux, Aileen Dillane",Popular Musics Matter,,Rowman & Littlefield International,p. 115–130,,haute — note : contient une analyse clinique et des outils d'évaluation psychiatrique,,,,,,2021-01-15,PART 3: Joy Division and Mental Health,"Contient deux tableaux : 'A Psychological Autopsy of Ian Curtis's Suicide' (table 8.1, p. 121) et 'SADPERSONS Scale as Scored for Ian Curtis' (table 8.2, p. 126).",,,,,,,,,,,,,,,,,,,,,,,,,,,,,,,,,,,,,,,,,,,,,,,,,,,,,
source,S31,sources/allegri_living_in_the_ice_age/source.md,"S31 — Source canonique — Allegri, « Living in the Ice Age », 2021",S31,"S31 — Allegri, Living in the Ice Age, 2021",Giuseppe Allegri,Living in the Ice Age. Joy Division: un’impresa comune tra post-situazionismo e isolazionismo,2021,,,,source,"Allegri, Living in the Ice Age, 2021",2021,sources/allegri_living_in_the_ice_age/,Alfonso Amendola e Linda Barone - Our vision touched the sky.pdf,p. 220-234 de l’exemplaire PDF de travail,source canonique fixée,,,,,,,,,,,,,,,,,,,,,,,,,,,,,,,,,,,,,,,,,,,,,,,,,,,,,,,,,,,,,,,,,,,,,,
source,S43,sources/capozzi_weight_on_their_shoulders/source.md,"S43 — Source canonique — Capozzi, « The weight on their shoulders. Ian Curtis e la metamorfosi dei baby boomers », 2021",S43,"S43 — Capozzi, The weight on their shoulders, 2021",Eugenio Capozzi,The weight on their shoulders. Ian Curtis e la metamorfosi dei baby boomers,2021,,,,source,"Capozzi, The weight on their shoulders, 2021",2021,sources/capozzi_weight_on_their_shoulders/,Alfonso Amendola e Linda Barone - Our vision touched the sky.pdf,p. 64-75,source canonique fixée,,,,,Roma,Rogas Edizioni,,,,,,,,,,,,"Alfonso Amendola et Linda Barone (dir.), Our Vision Touched the Sky: Fenomenologia dei Joy Division, Roma, Rogas Edizioni, 2021",9788845294778,,,,,,,,,,,,,,,,,,,,,,,,,,,,,,,,,,,,,,,,,,,,,,,,,,,
source,S55,sources/romania_a_guide_to_come_universo_simbolico/source.md,"S55 — Source canonique — Romania, « A guide to come: i Joy Division come universo simbolico », 2021",S55,"S55 — Romania, A guide to come: i Joy Division come universo simbolico, 2021",Vincenzo Romania,A guide to come: i Joy Division come universo simbolico. Una ricerca sulle recensioni musicali,2021,,,,source,"Romania, A guide to come, 2021",2021,sources/romania_a_guide_to_come_universo_simbolico/,Alfonso Amendola e Linda Barone - Our vision touched the sky.pdf,p. 181-189 de l’exemplaire PDF de travail,source canonique fixée,,,,,,,,,,,,,,,,,,,,,,,,,,,,,,,,,,,,,,,,,,,,,,,,,,,,,,,,,,,,,,,,,,,,,,
source,S87,sources/otter_bickerdike_posteconomy_curtis/source.md,"Source S87 — Otter Bickerdike, « As If It Never Happened: The Posteconomy of Joy Division and Ian Curtis », 2018",,"S87 — Otter Bickerdike, Posteconomy of Joy Division and Ian Curtis, 2018",Jennifer Otter Bickerdike,As If It Never Happened: The Posteconomy of Joy Division and Ian Curtis,2018,chapitre d'ouvrage collectif,,,,"Jennifer Otter Bickerdike, As If It Never Happened: The Posteconomy of Joy Division and Ian Curtis, 2018",2018,sources/otter_bickerdike_posteconomy_curtis/,,,atomisee,As If It Never Happened: The Posteconomy of Joy Division and Ian Curtis,Heart and Soul: Critical Essays on Joy Division,"Martin J. Power, Eoin Devereux, Aileen Dillane",Popular Musics Matter,,Rowman & Littlefield International,p. 229–242,,a_evaluer,,,,,,2021-01-15,PART 5: Cultural Legacies,,,,,,,,,,,,,,,,,"Jennifer Otter Bickerdike a publié 'You Are Beautiful and You Are Alone: The Biography of Nico' (Faber, 2021) — spécialiste des artistes mort·e·s jeunes et de leur économie symbolique posthume.",,,,,,,,,,,,,,,,,,,,,,,,,,,,,,,,,,,,,
source,S16,sources/songfacts_buzzcocks_boredom/source.md,"S16 — Source canonique — Songfacts, « Boredom by Buzzcocks »",S16,"S16 — Songfacts, Boredom by Buzzcocks, page consultée 2026",Songfacts,Boredom by Buzzcocks,s.d. / page consultée 2026,,,,source,"Songfacts, Boredom by Buzzcocks",s.d. / page consultée 2026,sources/songfacts_buzzcocks_boredom/,,,source canonique refixée ; source web secondaire/tertiaire ; informations à vérifier dans les sources discographiques et critiques,,,,,,,,,,,,,,,,,,,,,,,,,,,,,,,,,,,,,,,https://www.songfacts.com/facts/buzzcocks/boredom,,,,,,,,,,,,,,,,,,,,,,,,,,,,,,,
source,S22,sources/wilkinson_city_fun_politics/source.md,"S22 — Wilkinson, « Pam ponders Paul Morley’s cat », 2018",S22,"S22 — Wilkinson, City Fun and the politics of post-punk, 2018",David Wilkinson,‘Pam ponders Paul Morley’s cat’: City Fun and the politics of post-punk,2018,article universitaire / étude des médias alternatifs post-punk,,,,"Wilkinson, City Fun and the politics of post-punk, 2018",2018,sources/wilkinson_city_fun_politics/,David Wilkinson - ‘Pam ponders Paul Morley’s cat’_ City Fun and the politics of post-punk.pdf,,verifie ; source canonique fixée,,,,,,,,1-20,forte,S22_wilkinson_city_fun_politics_post_punk_2018.pdf,"[""Chapitre 1"", ""Chapitre 2"", ""Chapitre 3""]","[""Chapitre 7"", ""Chapitre 8"", ""Chapitre 9"", ""Chapitre 14""]",source secondaire universitaire,False,,,,,,,,,,,,,,,,,,,,,,,,,,‘Pam ponders Paul Morley’s cat’: City Fun and the politics of post-punk,Communiqués and Sellotape: constructing cultures II,"Punk & Post-Punk, vol. 7, n° 3",p. 317-339 dans Punk & Post-Punk ; p. 91-109 dans l’extrait PDF fourni,,,,,,,,,,,,,,,,,,,,,,,,,,,
source,S50,sources/bertetti_morreale_reimmaginare_immaginario/source.md,"S50 — Source canonique — Bertetti & Morreale, « Reimmaginare l’immaginario. Traduzioni socio-culturali di un’estetica », 2021",S50,"S50 — Bertetti & Morreale, Reimmaginare l’immaginario, 2021",Paolo Bertetti ; Domenico Morreale,Reimmaginare l’immaginario. Traduzioni socio-culturali di un’estetica,2021,,,,source,"Bertetti & Morreale, Reimmaginare l’immaginario, 2021",2021,sources/bertetti_morreale_reimmaginare_immaginario/,Alfonso Amendola e Linda Barone - Our vision touched the sky.pdf,p. 114-133,source canonique fixée,,,,,Roma,Rogas Edizioni,,,,,,,,,,,,"Alfonso Amendola et Linda Barone (dir.), Our Vision Touched the Sky: Fenomenologia dei Joy Division, Roma, Rogas Edizioni, 2021",9788845294778,,,,,,,,,,,,,,,,,,,,,,,,,,,,,,,,,,,,,,,,,,,,,,,,,,,
source,S21,sources/mdmarchive_city_fun_hidden_history/source.md,"S21 — Source canonique — Manchester Digital Music Archive, « City Fun: The Hidden History of Manchester's Favourite Fanzine »",S21,"S21 — MDMArchive, City Fun: The Hidden History of Manchester's Favourite Fanzine, page consultée 2026",Manchester Digital Music Archive,City Fun: The Hidden History of Manchester's Favourite Fanzine,s.d. / page consultée 2026,,,,source,"MDMArchive, City Fun: The Hidden History, page consultée 2026",s.d. / page consultée 2026,sources/mdmarchive_city_fun_hidden_history/,,,source canonique refixée ; exposition web / archive numérique ; contenu à vérifier par captures et notices d’items,,,,,,,,,,,,,,,,,,,,,,,,,,,,,,,,,,,,,,,https://www.mdmarchive.co.uk/exhibition/city-fun:-the-hidden-history-of-manchester's-favourite-fanzine,,,,,,,,,,,,,,,,,,,,,,,,,,,,,,,
source,S35,sources/morris_record_play_pause/source.md,"S35 — Source canonique — Morris, *Record Play Pause*, 2019",S35,"S35 — Morris, Record Play Pause, 2019",Stephen Morris,"Record Play Pause: Confessions of a Post-Punk Percussionist, Volume I",2019,,,,source,"Morris, Record Play Pause, 2019",2019,sources/morris_record_play_pause/,Stephen Morris - Record Play Pause - Confessions of a Post-Punk Percussionist.pdf,,source canonique fixée,,,,,London,Constable,,,,,,,,,,,,,978-1-47212-619-1,,,,,,,,,,,,,,,,,,,,,,,,,"Constable, an imprint of Little, Brown Book Group",,,,,,,,,,,,,,,,,,,,,,,,,,
source,S39,sources/bauman_liquid_modernity/source.md,"S39 — Bauman, *Liquid Modernity*, 2000",S39,"S39 — Bauman, Liquid Modernity, 2000",Zygmunt Bauman,Liquid Modernity,2000,ouvrage théorique / sociologie de la modernité,,,,"Bauman, Liquid Modernity, 2000",2000,sources/bauman_liquid_modernity/,bauman-liquid-modernity.pdf,,verifie ; source canonique fixée ; fichier Drive identifié,,,,,Cambridge,Polity Press,,,forte comme cadre théorique ; non spécialisée sur Joy Division,,"[""Chapitre 1"", ""Chapitre 11"", ""Chapitre 14""]","[""Chapitre 3"", ""Chapitre 7"", ""Chapitre 13""]",source secondaire théorique / sociologie de la modernité,False,,,,,,,,,,,,https://drive.google.com/file/d/1hrtrNh8RCZXUmjeHTv5d2NkzucmxvwpU/view?usp=drive_link,,,,,,,,,,,,,,,,,,,S39_bauman_liquid_modernity_2000.pdf,,,,,,,,,,,,,,,,,,,,,,,,,
source,S52,sources/rabbito_control_infrangimento_vetro/source.md,"S52 — Source canonique — Rabbito, « Control e l’infrangimento del vetro. Oltre la superficie biografica di Ian Curtis », 2021",S52,"S52 — Rabbito, Control e l’infrangimento del vetro, 2021",Andrea Rabbito,Control e l’infrangimento del vetro. Oltre la superficie biografica di Ian Curtis,2021,,,,source,"Rabbito, Control e l’infrangimento del vetro, 2021",2021,sources/rabbito_control_infrangimento_vetro/,Alfonso Amendola e Linda Barone - Our vision touched the sky.pdf,p. 146-157,source canonique fixée,,,,,Roma,Rogas Edizioni,,,,,,,,,,,,"Alfonso Amendola et Linda Barone (dir.), Our Vision Touched the Sky: Fenomenologia dei Joy Division, Roma, Rogas Edizioni, 2021",9788845294778,,,,,,,,,,,,,,,,,,,,,,,,,,,,,,,,,,,,,,,,,,,,,,,,,,,
source,S62,sources/heart_soul_introduction/source.md,"Source S62 — Power, Dillane, Devereux, « This Is the Way, Step Inside: Understanding Joy Division », 2018",,"S62 — Power, Dillane, Devereux, Introduction Heart and Soul, 2018","Martin J. Power, Aileen Dillane, Eoin Devereux","This Is the Way, Step Inside: Understanding Joy Division",2018,introduction d'ouvrage collectif,,,,"Martin J. Power, Aileen Dillane, Eoin Devereux, This Is the Way, Step Inside: Understanding Joy Division, 2018",2018,sources/heart_soul_introduction/,,,atomisee,"This Is the Way, Step Inside: Understanding Joy Division",Heart and Soul: Critical Essays on Joy Division,"Martin J. Power, Eoin Devereux, Aileen Dillane","Popular Musics Matter: Social, Political and Cultural Interventions",,Rowman & Littlefield International,p. xvii–xxx,,forte comme cadrage analytique ; à distinguer des chapitres individuels,,,,,,2021-01-15,,,,,,,,,,,,,,,,,,,,,,,,,,,,,,,Le chapitre 1 de ce volume (Goddard) est déjà S29. Les autres chapitres sont S63–S88.,,,,,,,,,,,,,,,,,,,,,,,,
source,S37,sources/morley_piece_by_piece/source.md,"S37 — Source canonique — Morley, *Joy Division: Piece by Piece*, 2008",S37,"S37 — Morley, Joy Division: Piece by Piece, 2008",Paul Morley,Joy Division: Piece by Piece: Writing About Joy Division 1977–2007,2008,,,,source,"Morley, Joy Division: Piece by Piece, 2008",2008,sources/morley_piece_by_piece/,Paul Morley - Joy_Division Piece by Piece.pdf,,source canonique fixée,,,,,,,,,,,,,,,,,,,,,,,,,,,,,,,,,,,,,,,,,,,,,,,,,,,,,,,,,,,,,,,,,,,,,,
source,S84,sources/cope_moving_image_factory_video/source.md,"Source S84 — Cope, « Nothing Here Now but the Recordings: The Moving Image Record of Joy Division and the Factory Video Unit », 2018",,"S84 — Cope, Moving Image Record of Joy Division and Factory Video Unit, 2018",Nick Cope,Nothing Here Now but the Recordings: The Moving Image Record of Joy Division and the Factory Video Unit,2018,chapitre d'ouvrage collectif,,,,"Nick Cope, Nothing Here Now but the Recordings: The Moving Image Record of Joy Division and the Factory Video Unit, 2018",2018,sources/cope_moving_image_factory_video/,,,atomisee,Nothing Here Now but the Recordings: The Moving Image Record of Joy Division and the Factory Video Unit,Heart and Soul: Critical Essays on Joy Division,"Martin J. Power, Eoin Devereux, Aileen Dillane",Popular Musics Matter,,Rowman & Littlefield International,p. 171–192,,a_evaluer,,,,,,2021-01-15,"PART 4: Interzone: Sounds, Images and Style","Contient un tableau récapitulatif des enregistrements visuels de Joy Division (table 11.1, p. 177).",,,,,,,,,,,,,,,,,,,,,,,,,,,,,,,,,,,,,,,,,,,,,,,,,,,,,
source,S46-000,sources/johnson_morley_an_ideal_for_living/source.md,Référence source,S46,"S46 — Johnson, An Ideal for Living, 1984",Mark Johnson; Paul Morley; David Lees; Jon Wozencroft,An Ideal for Living: An History of Joy Division,1984,,,,source,"Mark Johnson ; David Lees ; Paul Morley ; Jon Wozencroft, An Ideal for Living: An History of Joy Division, 1984",,,,,verifie,,,,,,Proteus Books,,1-123,moyenne,,"[""Chapitre 2"", ""Chapitre 3"", ""Chapitre 5"", ""Chapitre 9"", ""Chapitre 14""]",,,False,,,,,,,,,,,,,,,,"[""histoire Joy Division"", ""Factory Records"", ""chronologie concerts"", ""discographie"", ""réception critique"", ""iconographie"", ""bootlegs""]",,,,,,,,,,,,,,,,,Mark Johnson,London; New York,1984,0 86272 165 4,0 86276 166 2,0 86276 247 2,,,,,,,,,,,,,,,,,,
source,S72,sources/reynolds_rip_it_up/source.md,Métadonnées,S72,"S72 — Reynolds, Rip It Up and Start Again, 2005/2006",Simon Reynolds,Rip It Up and Start Again: Postpunk 1978–1984,2005/2006,,,,source,"Reynolds, Rip It Up and Start Again, 2005/2006",,,,,atomisation_premiere_passe,,,,,,,,,forte,,"[""Chapitre 1"", ""Chapitre 2"", ""Chapitre 3"", ""Chapitre 5"", ""Chapitre 7"", ""Chapitre 8"", ""Chapitre 9"", ""Chapitre 10"", ""Chapitre 11"", ""Chapitre 14""]",,,False,,,,,,,,,,,,,,,,"[""post-punk"", ""joy division"", ""manchester"", ""factory records"", ""diy"", ""esthétique sonore""]",,,,,,,,,,,,,,,,,,,,,,,,,,,,,,,,,,,,,,,,
source,S09,sources/cummins_joy_division_visual_corpus/source.md,"S09 — Cummins, *Joy Division*, 2010",S09,"S09 — Cummins, Joy Division, 2010",Kevin Cummins,Joy Division,2010,corpus photographique / source visuelle primaire et éditorialisée,,,,"Cummins, Joy Division, 2010",2010,sources/cummins_joy_division_visual_corpus/,Capture d'écran 2026-02-02 083040.png,,verifie ; source canonique fixée ; pagination et planche à verrouiller avant citation d’image,,,,,New York,Rizzoli,,,forte pour l’iconographie ; à croiser pour le contexte historique et les légendes,S09_cummins_joy_division_rizzoli_2010_reference.png,"[""Chapitre 1"", ""Chapitre 3"", ""Chapitre 7"", ""Chapitre 9""]","[""Chapitre 10"", ""Chapitre 14""]",source visuelle primaire éditorialisée ; témoignage photographique,False,,,,,,,,,,,,https://drive.google.com/file/d/1QIWlVb_B02FLFaUrH7I0fAMMl0-GXCMl/view?usp=drive_link,,,,,,,,,,,,,,,,,,,,,,,,,,,,,,,,,,,,,,,,,,,,
source,S56,sources/barone_directionless_so_plain_to_see/source.md,"S56 — Source canonique — Barone, « Directionless so plain to see », 2021",S56,"S56 — Barone, Directionless so plain to see, 2021",Linda Barone,"Directionless so plain to see. (Di)Versioni stilistiche, letterarie e traduttive",2021,,,,source,"Barone, Directionless so plain to see, 2021",2021,sources/barone_directionless_so_plain_to_see/,Alfonso Amendola e Linda Barone - Our vision touched the sky.pdf,p. 190-212 de l’exemplaire PDF de travail,source canonique fixée,,,,,,,,,,,,,,,,,,,,,,,,,,,,,,,,,,,,,,,,,,,,,,,,,,,,,,,,,,,,,,,,,,,,,,
source,S60,sources/federici_unknown_pleasures_pulsar_tshirt/source.md,"S60 — Source canonique — Federici, « Unknown Pleasures: Pulsar di una t-shirt iconica », 2021",S60,"S60 — Federici, Unknown Pleasures: Pulsar di una t-shirt iconica, 2021",Raffaele Federici,Unknown Pleasures: Pulsar di una t-shirt iconica,2021,,,,source,"Federici, Unknown Pleasures: Pulsar di una t-shirt iconica, 2021",2021,sources/federici_unknown_pleasures_pulsar_tshirt/,Alfonso Amendola e Linda Barone - Our vision touched the sky.pdf,p. 280-286 de l’exemplaire PDF de travail,source canonique fixée,,,,,,,,,,,,,,,,,,,,,,,,,,,,,,,,,,,,,,,,,,,,,,,,,,,,,,,,,,,,,,,,,,,,,,
source,S44,sources/guarino_vomito_culturale_ideali_sottoculturali/source.md,"S44 — Source canonique — Guarino, « I Joy Division tra vomito culturale e ideali sottoculturali », 2021",S44,"S44 — Guarino, I Joy Division tra vomito culturale e ideali sottoculturali, 2021",Donato Guarino,I Joy Division tra vomito culturale e ideali sottoculturali,2021,,,,source,"Guarino, I Joy Division tra vomito culturale, 2021",2021,sources/guarino_vomito_culturale_ideali_sottoculturali/,Alfonso Amendola e Linda Barone - Our vision touched the sky.pdf,p. 76-92,source canonique fixée,,,,,Roma,Rogas Edizioni,,,,,,,,,,,,"Alfonso Amendola et Linda Barone (dir.), Our Vision Touched the Sky: Fenomenologia dei Joy Division, Roma, Rogas Edizioni, 2021",9788845294778,,,,,,,,,,,,,,,,,,,,,,,,,,,,,,,,,,,,,,,,,,,,,,,,,,,
source,S86,sources/breyley_iranian_musicians_jd/source.md,"Source S86 — Breyley, « Affinities with Joy Division among Contemporary Iranian Musicians », 2018",,"S86 — Breyley, Iranian Musicians and Joy Division, 2018",Gay Jennifer Breyley,'I Hung around in Your Soundtrack': Affinities with Joy Division among Contemporary Iranian Musicians,2018,chapitre d'ouvrage collectif,,,,"Gay Jennifer Breyley, 'I Hung around in Your Soundtrack': Affinities with Joy Division among Contemporary Iranian Musicians, 2018",2018,sources/breyley_iranian_musicians_jd/,,,atomisee,'I Hung around in Your Soundtrack': Affinities with Joy Division among Contemporary Iranian Musicians,Heart and Soul: Critical Essays on Joy Division,"Martin J. Power, Eoin Devereux, Aileen Dillane",Popular Musics Matter,,Rowman & Littlefield International,p. 209–228,,a_evaluer,,,,,,2021-01-15,PART 5: Cultural Legacies,,,,,,,,,,,,,,,,,,,,,,,,,,,,,,,,,,,,,,,,,,,,,,,,,,,,,,
source,S71,sources/flowers/source.md,Métadonnées,S71,"S71 — Flowers, Dreams Never End, 1995/2012",Claude Flowers,New Order + Joy Division: Dreams Never End,1995/2012,,,,source,"Flowers, Dreams Never End, 1995/2012",,,,,atomisation_premiere_passe,,,,,,,,,moyenne,,"[""Chapitre 1"", ""Chapitre 2"", ""Chapitre 3"", ""Chapitre 5"", ""Chapitre 6"", ""Chapitre 7"", ""Chapitre 8"", ""Chapitre 9"", ""Chapitre 10"", ""Chapitre 11"", ""Chapitre 14""]",,,False,,,,,,,,,,,,,,,,"[""joy division"", ""new order"", ""factory records"", ""manchester"", ""transition posthume""]",,,,,,,,,,,,,,,,,,,,,,,,,,,,,,,,,,,,,,,,
source,S59,sources/ferrara_poetica_della_distanza/source.md,"S59 — Source canonique — Ferrara, « Joy Division: una poetica della distanza », 2021",S59,"S59 — Ferrara, Joy Division: una poetica della distanza, 2021",Francesca Ferrara,Joy Division: una poetica della distanza,2021,,,,source,"Ferrara, Joy Division: una poetica della distanza, 2021",2021,sources/ferrara_poetica_della_distanza/,Alfonso Amendola e Linda Barone - Our vision touched the sky.pdf,p. 244-253 de l’exemplaire PDF de travail,source canonique fixée,,,,,,,,,,,,,,,,,,,,,,,,,,,,,,,,,,,,,,,,,,,,,,,,,,,,,,,,,,,,,,,,,,,,,,
source,S48,sources/desia_segno_grafica_visione/source.md,"S48 — Source canonique — De Sia, « Il segno, la grafica, la visione », 2021",S48,"S48 — De Sia, Il segno, la grafica, la visione, 2021",Alfredo De Sia,"Il segno, la grafica, la visione",2021,,,,source,"De Sia, Il segno, la grafica, la visione, 2021",2021,sources/desia_segno_grafica_visione/,Alfonso Amendola e Linda Barone - Our vision touched the sky.pdf,p. 94-98,source canonique fixée,,,,,Roma,Rogas Edizioni,,,,,,,,,,,,"Alfonso Amendola et Linda Barone (dir.), Our Vision Touched the Sky: Fenomenologia dei Joy Division, Roma, Rogas Edizioni, 2021",9788845294778,,,,,,,,,,,,,,,,,,,,,,,,,,,,,,,,,,,,,,,,,,,,,,,,,,,
source,S79,sources/curtis_savage_so_this_is_permanence/source.md,"S79 — Curtis, So This Is Permanence, 2014",S79,"S79 — Curtis, So This Is Permanence, 2014",Ian Curtis,So This Is Permanence,2014,ouvrage canonique pour le Songbook,,,,"Ian Curtis, So This Is Permanence: Joy Division Lyrics and Notebooks, 2014",2014,sources/curtis_savage_so_this_is_permanence/,,,source canonique,,,,,,,,,forte,,,,,,,,,,,,,,,,,,,,,,,,,,,,,,,,,,,,,,,,,,,,"[""Deborah Curtis"", ""Jon Savage""]",Chronicle Books ; Faber & Faber,,,,,,,,,,,,,,,,
source,S17,sources/wikipedia_rowche_rumble/source.md,"S17 — Source canonique — Wikipedia, « Rowche Rumble »",S17,"S17 — Wikipedia, Rowche Rumble, page consultée 2026",Wikipedia contributors,Rowche Rumble,s.d. / page consultée 2026,,,,source,"Wikipedia, Rowche Rumble",s.d. / page consultée 2026,sources/wikipedia_rowche_rumble/,,,source canonique refixée ; source web tertiaire ; informations à vérifier dans les sources discographiques et critiques,,,,,,,,,,,,,,,,,,,,,,,,,,,,,,,,,,,,,,,https://en.wikipedia.org/wiki/Rowche_Rumble,,,,,,,,,,,,,,,,,,,,,,,,,,,,,,,
source,S27,sources/riom_review_crossley_networks/source.md,"S27 — Riom, compte rendu de Crossley, *Networks of Sound, Style and Subversion*, 2016",S27,"S27 — Riom, compte rendu de Crossley, Networks of Sound, Style and Subversion, 2016",Loïc Riom,"Nick CROSSLEY, Networks of Sound, Style and Subversion: The Punk and Post-punk Worlds of Manchester, London and Sheffield, 1975-1980",2016,compte rendu universitaire / note de lecture,,,,"Riom, compte rendu de Crossley, 2016",2016,sources/riom_review_crossley_networks/,volume-4795.pdf,,verifie ; source canonique fixée ; distingue compte rendu et ouvrage recensé,,,,,,Association Mélanie Seteun,223-225,,forte pour la lecture critique de Riom ; à ne pas confondre avec le livre de Crossley,S27_riom_review_crossley_networks_volume_2016.pdf,"[""Chapitre 1"", ""Chapitre 2""]","[""Chapitre 3"", ""Chapitre 8"", ""Chapitre 14""]",source secondaire critique ; compte rendu d’ouvrage,False,,,,,,,,,,,,https://drive.google.com/file/d/1BXAdvigoOoX4xAtsxDM6Ge9ySc5wNlzZ/view?usp=drive_link,,,10.4000/volume.4795,,,,,,,,,,,,,,,,,,,,,,,,,,"Networks of Sound, Style and Subversion: The Punk and Post-punk Worlds of Manchester, London, Liverpool and Sheffield, 1975-1980",Nick Crossley,2015,Volume ! La revue des musiques populaires,12:2,Special Beatles studies,2016-03-22,https://journals.openedition.org/volume/4795,,,,,,,,
source,S82,sources/parmar_space_estrangement/source.md,"Source S82 — Parmar, « Joy Division in Space: The Aesthetics of Estrangement », 2018",,"S82 — Parmar, Joy Division in Space / Aesthetics of Estrangement, 2018",Robin Parmar,Joy Division in Space: The Aesthetics of Estrangement,2018,chapitre d'ouvrage collectif,,,,"Robin Parmar, Joy Division in Space: The Aesthetics of Estrangement, 2018",2018,sources/parmar_space_estrangement/,,,atomisee,Joy Division in Space: The Aesthetics of Estrangement,Heart and Soul: Critical Essays on Joy Division,"Martin J. Power, Eoin Devereux, Aileen Dillane",Popular Musics Matter,,Rowman & Littlefield International,p. 133–154,,haute,,,,,,2021-01-15,"PART 4: Interzone: Sounds, Images and Style",,,,,,,,,,,,,,,,,,,,,,,,,,,,,,,,,,,,,,,,,,,,,,,,,,,,,,
source,S01,registers/references/master_references.md,"S01 — Blakeley & Evans, The Regeneration of East Manchester, 2013",,"S01 — Blakeley & Evans, The Regeneration of East Manchester, 2013",Georgina Blakeley ; Brendan Evans,The Regeneration of East Manchester: A Political Analysis,2013,livre universitaire / chapitre de cadrage urbain,,,,"Georgina Blakeley ; Brendan Evans, The Regeneration of East Manchester: A Political Analysis, 2013",2013,,,,consolidee,,,,,,,,,forte,,"[""Chapitre 1""]",,,,,,,,,,,,,,,,,,,,,,,,,,,"[""déclin de l’emploi"", ""East Manchester"", ""régénération urbaine"", ""contexte socio-économique""]",,,,,,,,,,,,,,,,,,,,,,,,,"BLAKELEY, Georgina ; EVANS, Brendan, The Regeneration of East Manchester: A Political Analysis, Manchester, Manchester University Press, 2013, xiv-222 p., ISBN 9780719084409 ; eISBN 9781526102874. Chapitre mobilisé : « 2 The past and present of east Manchester », p. 7-20, DOI 10.7765/9781526102874.00008.","[""data/registre.json"", ""registre historique"", ""document maître chapitre 1"", ""vérification web""]","Remplace le libellé provisoire « Manchester City Council / Manchester Hive ». La source réelle est le livre de Blakeley et Evans publié par Manchester University Press, consultable via Manchester Hive / Manchester Scholarship Online.",,,,,
source,S02,registers/references/master_references.md,"S02 — Sueur, Villes du futur, futur des villes, 2011",,"S02 — Sueur, Villes du futur, futur des villes, 2011","Jean-Pierre Sueur ; Sénat, Délégation sénatoriale à la prospective","Villes du futur, futur des villes : quel avenir pour les villes du monde ? Tome II : Analyses",2011,rapport parlementaire / source institutionnelle,,,,"Jean-Pierre Sueur / Sénat, Villes du futur, futur des villes : quel avenir pour les villes du monde ? Tome II : Analyses, 2011",2011,,,,consolidee,,,,,,,,,forte,,"[""Chapitre 1""]",,,,,,,,,,,,,,,,,,,,,,,,,,,"[""shrinking city"", ""Manchester"", ""déclin démographique"", ""emploi"", ""régénération urbaine""]",,,,,,,,,,,,,,,,,,,,,,,,,"SUEUR, Jean-Pierre, Villes du futur, futur des villes : quel avenir pour les villes du monde ?, rapport d’information n° 594 (2010-2011), fait au nom de la Délégation sénatoriale à la prospective, tome II : Analyses, Sénat, déposé le 9 juin 2011, section « Europe(s) — 1. Manchester : shrinking city et renouveau urbain ».","[""data/registre.json"", ""registre historique"", ""document maître chapitre 1"", ""vérification web""]","Conserver les formulations prudentes du rapport : « plus de », « près de », « City of Manchester », « Greater Manchester ».",,,,,
source,S03,registers/references/master_references.md,"S03 — Demographia, England Largest Cities, s.d.",,"S03 — Demographia, England Largest Cities, s.d.",Demographia,England Largest Cities: Population & Density from 1891,s.d.,série statistique web,,,,"Demographia, England Largest Cities: Population & Density from 1891, s.d.",s.d.,,,,consolidee_comme_source_web_a_archiver,,,,,,,,,moyenne,,"[""Chapitre 1""]",,,,,,,,,,,,,,,,,,,,,,,,,,,"[""démographie urbaine"", ""Manchester"", ""séries historiques"", ""population""]",,,,,,,,,,,,,,,,,,,,,,,,,"DEMOGRAPHIA, « England Largest Cities: Population & Density from 1891 », tableau statistique en ligne, données historiques par ville anglaise, ligne « Manchester » : 1891-2000.","[""data/registre.json"", ""registre historique"", ""document maître chapitre 1"", ""vérification web""]",Source utile pour la série longue 1891-2000. À conserver comme source web secondaire et à archiver localement ou remplacer par ONS / recensements si besoin probatoire renforcé.,,,,,
source,S04,registers/references/master_references.md,"S04 — Kidd, Manchester: A History, 2006",,"S04 — Kidd, Manchester: A History, 2006",Alan J. Kidd,Manchester: A History,2006,livre historique,,,,"Alan J. Kidd, Manchester: A History, 2006",2006,,,,consolidee,,,,,,,,,forte,,"[""Chapitre 1""]",,,,,,,,,,,,,,,,,,,,,,,,,,,"[""industrialisation"", ""histoire de Manchester"", ""désindustrialisation"", ""emplois manufacturiers""]",,,,,,,,,,,,,,,,,,,,,,,,,"KIDD, Alan J., Manchester: A History, Lancaster, Carnegie Publishing, 4e éd., 2006, 274 p., ISBN 9781859361283.","[""data/registre.json"", ""registre historique"", ""vérification web""]","Référence bibliographique stabilisée. Vérifier la pagination dans l’exemplaire utilisé, certaines notices indiquant des rééditions ou paginations différentes.",,,,,
source,S05,registers/references/master_references.md,"S05 — Jeffery, Tufail & Jackson, Policing and the Reproduction of Local Social Order, 2015",,"S05 — Jeffery, Tufail & Jackson, Policing and the Reproduction of Local Social Order, 2015",Bob Jeffery ; Waqas Tufail ; Will Jackson,Policing and the Reproduction of Local Social Order: a case study of Greater Manchester,2015,article universitaire,,,,"Bob Jeffery ; Waqas Tufail ; Will Jackson, Policing and the Reproduction of Local Social Order: a case study of Greater Manchester, 2015",2015,,,,consolidee,,,,,,,,,forte,,"[""Chapitre 1""]",,,,,,,,,,,,,,,,,,,,,,,,,,,"[""Moss Side"", ""Greater Manchester Police"", ""émeutes"", ""ordre public"", ""reproduction de l’ordre social""]",,,,,,,,,,,,,,,,,,,,,,,,,"JEFFERY, Bob ; TUFAIL, Waqas ; JACKSON, Will, « Policing and the Reproduction of Local Social Order: a case study of Greater Manchester », Journal on European History of Law, vol. 6, n° 1, 2015, p. 118-128, ISSN 2042-6402. Version déposée : Sheffield Hallam University Research Archive, SHURA, URI https://shura.shu.ac.uk/id/eprint/13150.","[""data/registre.json"", ""registre historique"", ""document maître chapitre 1"", ""vérification web""]","Corrige l’attribution provisoire « Peter Jeffery » en « Bob Jeffery ». Pour les chiffres journalistiques des émeutes de Moss Side, croiser avec presse locale ou Hirsch & Swanson si une citation factuelle détaillée est nécessaire.",,,,,
source,S06,registers/references/master_references.md,"S06 — Carter, Youth, race and the inner-city estate, 2023",,"S06 — Carter, Youth, race and the inner-city estate, 2023",Isabelle Carter,"Youth, race and the inner-city estate: narratives of everyday life in Manchester’s Hulme, 1970–1994",2021/2023,article universitaire open access,,,,"Isabelle Carter, Youth, race and the inner-city estate: narratives of everyday life in Manchester’s Hulme, 1970–1994, 2021/2023",2023,,,,consolidee,,,,,,,,,forte,,"[""Chapitre 1""]",,,,,,,,,,,,,,,,,,,,,,,,,,,"[""Hulme"", ""inner city"", ""logement social moderniste"", ""jeunesse"", ""race"", ""expérience vécue""]",,,,,,,,,,,,,,,,,,,,,,,,,"CARTER, Isabelle, « Youth, race and the inner-city estate: narratives of everyday life in Manchester’s Hulme, 1970–1994 », Urban History, vol. 50, n° 2, mai 2023, p. 248-263, publié en ligne le 7 décembre 2021, DOI 10.1017/S0963926821000754.","[""data/registre.json"", ""registre historique"", ""document maître chapitre 1"", ""vérification web""]",Corrige l’attribution provisoire « Holly Carter » en « Isabelle Carter ». L’article remplace la mention vague « mémoire / thèse PDF ».,,,,,
source,S07,registers/references/master_references.md,"S07 — Engels, La Situation de la classe laborieuse en Angleterre, 1845",,"S07 — Engels, La Situation de la classe laborieuse en Angleterre, 1845",Friedrich Engels,La Situation de la classe laborieuse en Angleterre,1845,livre historique et politique,,,,"Friedrich Engels, The Condition of the Working Class in England, 1845",1845,,,,a_consolider,,,,,,,,,forte,,"[""Chapitre 1""]",,,,,,,,,,,,,,,,,,,,,,,,,,,"[""conditions de vie"", ""Salford"", ""Manchester""]",,,,,,,,,,,,,,,,,,,,,,,,,"ENGELS, Friedrich, Die Lage der arbeitenden Klasse in England, Leipzig, Otto Wigand, 1845. Édition/traduction utilisée à préciser.","[""registre historique""]",Édition et pagination à préciser avant citation.,,,,,
source,S08,registers/references/master_references.md,"S08 — Debord, Psychogéographie / dérive, s.d.",,"S08 — Debord, Psychogéographie / dérive, s.d.",Guy Debord,"Psychogéographie / dérive, Internationale situationniste",1958,texte théorique,,,,"Internationale situationniste ; Abdelhafid Khatib ; Guy Debord, Internationale situationniste, n° 2 : Essai de description psychogéographique des Halles ; Théorie de la dérive, 1958",s.d.,,,,a_consolider,,,,,,,,,moyenne,,"[""Chapitre 1""]",,,,,,,,,,,,,,,,,,,,,,,,,,,"[""psychogéographie"", ""dérive""]",,,,,,,,,,,,,,,,,,,,,,,,,"DEBORD, Guy, textes sur la psychogéographie et la dérive, référence précise à déterminer.","[""registre historique""]",Texte exact et édition à fixer.,,,,,
source,S09,registers/references/master_references.md,"S09 — Cummins, corpus photographique Joy Division / Manchester, 1979",,"S09 — Cummins, corpus photographique Joy Division / Manchester, 1979",Kevin Cummins,Corpus photographique Joy Division / Manchester,2010,corpus photographique,,,,"Kevin Cummins, Joy Division, 2010",1979,,,,a_consolider,,,,,,,,,forte,,"[""Chapitre 1""]",,,,,,,,,,,,,,,,,,,,,,,,,,,"[""iconographie"", ""paysage urbain""]",,,,,,,,,,,,,,,,,,,,,,,,,"CUMMINS, Kevin, corpus photographique Joy Division / Manchester, référence précise à déterminer.","[""registre historique""]","Préciser livre, exposition, archive ou image utilisée.",,,,,
source,S10,registers/references/master_references.md,"S10 — University of Birmingham eTheses, Sumner sur Salford, s.d.",,"S10 — University of Birmingham eTheses, Sumner sur Salford, s.d.",University of Birmingham eTheses,Thèse / ressource citant Bernard Sumner sur Salford,2014/2015,thèse ou ressource universitaire,,,,"Bernard Sumner, Chapter and Verse: New Order, Joy Division and Me, 2014/2015",s.d.,,,,a_consolider,,,,,,,,,moyenne,,"[""Chapitre 1""]",,,,,,,,,,,,,,,,,,,,,,,,,,,"[""témoignage"", ""mémoire urbaine""]",,,,,,,,,,,,,,,,,,,,,,,,,Référence eTheses exacte à identifier.,"[""registre historique""]",Retrouver la thèse exacte et la source primaire si possible.,,,,,
source,S11,registers/references/master_references.md,"S11 — UK Gov / DTI, données industrielles 1978-1988, s.d.",,"S11 — UK Gov / DTI, données industrielles 1978-1988, s.d.",Margaret Thatcher policies / UK Government statistics / DTI,Données DTI / dépenses industrielles 1978-1988,1987,données statistiques et politiques publiques,,,,"HM Treasury, Financial Statement and Budget Report 1987-88, 1987",s.d.,,,,a_consolider,,,,,,,,,moyenne,,"[""Chapitre 1""]",,,,,,,,,,,,,,,,,,,,,,,,,,,"[""austérité"", ""politique industrielle""]",,,,,,,,,,,,,,,,,,,,,,,,,Référence statistique gouvernementale exacte à préciser.,"[""registre historique""]",Source gouvernementale exacte à identifier.,,,,,
source,S12,registers/references/master_references.md,"S12 — Anderton, chef de police du Greater Manchester, s.d.",,"S12 — Anderton, chef de police du Greater Manchester, s.d.",James Anderton,"Figure du chef de police du Greater Manchester, profil et citations",1986,profil / citations / source historique,,,,"The Times ; Nicholas Wood ; Thomson Prentice ; auteurs multiples, Bundle of press articles re AIDS, 1986",s.d.,,,,a_consolider,,,,,,,,,moyenne,,"[""Chapitre 1""]",,,,,,,,,,,,,,,,,,,,,,,,,,,"[""contrôle social"", ""répression""]",,,,,,,,,,,,,,,,,,,,,,,,,Source primaire ou secondaire à préciser.,"[""registre historique""]",Importer seulement les citations vérifiées dans master_quotes.md.,,,,,
source,S13,registers/references/master_references.md,"S13 — Tomeo, Manchester / contrôle social sous Thatcher, s.d.",,"S13 — Tomeo, Manchester / contrôle social sous Thatcher, s.d.",Caterina Tomeo,Analyse sur Manchester / contrôle social sous Thatcher,2021,analyse critique ou universitaire,,,,"Caterina Tomeo, Dance Dance Dance! L’Interzone tra il sound dei Joy Division e la rave era, 2021",s.d.,,,,a_consolider,,,,,,,,,moyenne,,"[""Chapitre 7""]",,,,,,,,,,,,,,,,,,,,,,,,,,,"[""ordre public"", ""conservatisme moral""]",,,,,,,,,,,,,,,,,,,,,,,,,Référence exacte à préciser.,"[""registre historique""]",Référence à localiser.,,,,,
source,S14,registers/references/master_references.md,"S14 — Happy Mondays, God's Cop, s.d.",,"S14 — Happy Mondays, God's Cop, s.d.",Happy Mondays,God's Cop,1990,référence discographique,,,,"Happy Mondays, God’s Cop, 1990",s.d.,,,,a_consolider,,,,,,,,,moyenne,,"[""Chapitre 1"", ""Chapitre 14""]",,,,,,,,,,,,,,,,,,,,,,,,,,,"[""réappropriation musicale"", ""police""]",,,,,,,,,,,,,,,,,,,,,,,,,"HAPPY MONDAYS, « God's Cop », référence discographique à préciser.","[""registre historique""]","Référence connexe, plutôt utile pour réception mancunienne ultérieure.",,,,,
source,S15,registers/references/master_references.md,"S15 — De Luca, concert Sex Pistols et scène mancunienne, s.d.",,"S15 — De Luca, concert Sex Pistols et scène mancunienne, s.d.",Daniele De Luca,Analyse du concert des Sex Pistols du 4 juin 1976 et de la scène mancunienne,2021,analyse historique ou critique,,,,"Daniele De Luca, The Sound and the Fury. Manchester, i Joy Division e la crisi sociopolitica dell’Inghilterra degli anni Settanta, 2021",s.d.,,,,a_consolider,,,,,,,,,moyenne,,"[""Chapitre 1"", ""Chapitre 2""]",,,,,,,,,,,,,,,,,,,,,,,,,,,"[""événement fondateur"", ""catalyseur""]",,,,,,,,,,,,,,,,,,,,,,,,,Référence exacte à préciser.,"[""registre historique""]",À vérifier avec les sources primaires sur les concerts Sex Pistols à Manchester.,,,,,
source,S16,registers/references/master_references.md,"S16 — Buzzcocks, Boredom, 1977",,"S16 — Buzzcocks, Boredom, 1977",Buzzcocks,Boredom,s.d. / page consultée 2026,référence discographique,,,,"Songfacts, Boredom by Buzzcocks, s.d. / page consultée 2026",1977,,,,a_consolider,,,,,,,,,forte,,"[""Chapitre 1"", ""Chapitre 2""]",,,,,,,,,,,,,,,,,,,,,,,,,,,"[""ennui"", ""jeunesse""]",,,,,,,,,,,,,,,,,,,,,,,,,"BUZZCOCKS, « Boredom », sur Spiral Scratch, New Hormones, 1977. Référence discographique à préciser.","[""registre historique""]",Référence musicale à consolider avec Discogs ou source discographique stable.,,,,,
source,S17,registers/references/master_references.md,"S17 — The Fall, Rowche Rumble, 1979",,"S17 — The Fall, Rowche Rumble, 1979",The Fall,Rowche Rumble,s.d. / page consultée 2026,référence discographique,,,,"Wikipedia contributors, Rowche Rumble, s.d. / page consultée 2026",1979,,,,a_consolider,,,,,,,,,forte,,"[""Chapitre 1"", ""Chapitre 14""]",,,,,,,,,,,,,,,,,,,,,,,,,,,"[""critique sociale"", ""médicaments""]",,,,,,,,,,,,,,,,,,,,,,,,,"THE FALL, « Rowche Rumble », 1979. Référence discographique à préciser.","[""registre historique""]",Préciser support et label.,,,,,
source,S18,registers/references/master_references.md,"S18 — Fédida, Manchester : L’éveil d’une scène musicale, s.d.",,"S18 — Fédida, Manchester : L’éveil d’une scène musicale, s.d.",Michel-Angelo Fédida,Manchester : L’éveil d’une scène musicale,2021,analyse critique ou historique,,,,"Michel-Angelo Fédida, Manchester : L’éveil d’une scène musicale, 2021",s.d.,,,,a_consolider,,,,,,,,,moyenne,,"[""Chapitre 1""]",,,,,,,,,,,,,,,,,,,,,,,,,,,"[""punk"", ""génération""]",,,,,,,,,,,,,,,,,,,,,,,,,Référence exacte à préciser.,"[""registre historique""]",Localisation bibliographique à faire.,,,,,
source,S19,registers/references/master_references.md,"S19 — Bourdieu, reconversion du capital, s.d.",,"S19 — Bourdieu, reconversion du capital, s.d.",Pierre Bourdieu,Concept de reconversion du capital,1979,concept sociologique,,,,"Pierre Bourdieu, Les trois états du capital culturel, 1979",s.d.,,,,a_consolider,,,,,,,,,forte,,"[""Chapitre 1""]",,,,,,,,,,,,,,,,,,,,,,,,,,,"[""capital culturel"", ""conversion""]",,,,,,,,,,,,,,,,,,,,,,,,,"BOURDIEU, Pierre, référence exacte sur la reconversion du capital à préciser.","[""registre historique""]",Ouvrage ou article exact à fixer avant citation.,,,,,
source,S20,registers/references/master_references.md,"S20 — Dodge, Mapping Manchester’s housing problems, Manchester Geographies, s.d.",,"S20 — Dodge, Mapping Manchester’s housing problems, Manchester Geographies, s.d.",Martin Dodge,Mapping the geographies of Manchester’s housing problems and the twentieth century solutions,s.d.,chapitre d’ouvrage / géographie historique urbaine,,,,"Martin Dodge, Mapping the geographies of Manchester’s housing problems and the twentieth century solutions, s.d.",s.d.,,,,a_consolider,,,,,,,,,forte pour le contenu ; référence bibliographique à compléter,,"[""Chapitre 1"", ""Chapitre 9"", ""Chapitre 14""]",,source secondaire universitaire,,,,,,,,,,,,,,,,,,,,,,,,,"[""Manchester industriel"", ""logement ouvrier"", ""taudis victoriens"", ""Little Ireland"", ""Angel Meadow"", ""Victoria Park"", ""cartographie sanitaire"", ""Thomas Marr"", ""ceinture de taudis"", ""Chorltonville"", ""Wythenshawe"", ""Hulme"", ""Hattersley"", ""Beswick"", ""Fort Beswick"", ""streets-in-the-sky"", ""logement social"", ""urban renewal"", ""deindustrialisation"", ""city centre living""]",,,,,,,,,,,,,,,,,,,,,,,,,"DODGE, Martin, « Mapping the geographies of Manchester’s housing problems and the twentieth century solutions », Manchester Geographies, chapitre 3, p. 19-36, année et édition à confirmer.","[""Google Drive"", ""texte intégral"", ""arbitrage utilisateur""]","S20 était occupé par Reynolds, Rip It Up and Start Again, considéré par l’utilisateur comme doublon de S72. L’ancien S20 est redirigé vers S72. S20 est réattribué à Martin Dodge, Manchester Geographies, chapitre 3.",Ne pas écraser S04 Kidd. Ne pas réutiliser l’ancien S20 Reynolds : utiliser S72 pour Reynolds. Ne pas utiliser Dodge comme source interne sur Joy Division. Vérifier l’année et l’édition de Manchester Geographies avant citation finale.,,,,
source,S21,registers/references/master_references.md,"S21 — City Fun, corpus 1978-1983, s.d.",,"S21 — City Fun, corpus 1978-1983, s.d.",City Fun,"Corpus du fanzine City Fun, 1978-1983",s.d. / page consultée 2026,fanzine / archive,,,,"Manchester Digital Music Archive, City Fun: The Hidden History of Manchester's Favourite Fanzine, s.d. / page consultée 2026",1978-1983,,,,a_consolider,,,,,,,,,moyenne,,"[""Chapitre 1"", ""Chapitre 9""]",,,,,,,,,,,,,,,,,,,,,,,,,,,"[""médias alternatifs"", ""DIY""]",,,,,,,,,,,,,,,,,,,,,,,,,"CITY FUN, corpus 1978-1983, archives à préciser.","[""registre historique""]","Préciser fonds, numéros et pages.",,,,,
source,S22,registers/references/master_references.md,"S22 — Wilkinson, analyse de City Fun, s.d.",,"S22 — Wilkinson, analyse de City Fun, s.d.",David Wilkinson,Analyse de City Fun,2018,analyse universitaire ou critique,,,,"David Wilkinson, ‘Pam ponders Paul Morley’s cat’: City Fun and the politics of post-punk, 2018",s.d.,,,,a_consolider,,,,,,,,,moyenne,,"[""Chapitre 1""]",,,,,,,,,,,,,,,,,,,,,,,,,,,"[""médias"", ""politique""]",,,,,,,,,,,,,,,,,,,,,,,,,Référence exacte à préciser.,"[""registre historique""]",Référence à localiser.,,,,,
source,S23,registers/references/master_references.md,"S23 — Rochdale Alternative Press, infrastructure contre-culturelle, s.d.",,"S23 — Rochdale Alternative Press, infrastructure contre-culturelle, s.d.",Rochdale Alternative Press,Imprimerie coopérative / infrastructure contre-culturelle,1971–1981,archive / infrastructure contre-culturelle,,,,"Rochdale Alternative Press, Rochdale Alternative Press / RAP newspaper press, 1971–1981",s.d.,,,,a_consolider,,,,,,,,,moyenne,,"[""Chapitre 1""]",,,,,,,,,,,,,,,,,,,,,,,,,,,"[""DIY"", ""production""]",,,,,,,,,,,,,,,,,,,,,,,,,Référence exacte à préciser.,"[""registre historique""]",Préciser support documentaire.,,,,,
source,S24,registers/references/master_references.md,"S24 — Boon / New Hormones, Spiral Scratch, s.d.",,"S24 — Boon / New Hormones, Spiral Scratch, s.d.",Richard Boon / New Hormones,"New Hormones + Spiral Scratch, Buzzcocks",1977,label indépendant / référence discographique,,,,"Richard Boon ; Buzzcocks ; New Hormones, New Hormones / Spiral Scratch EP, 1977",s.d.,,,,a_consolider,,,,,,,,,forte,,"[""Chapitre 1"", ""Chapitre 2""]",,,,,,,,,,,,,,,,,,,,,,,,,,,"[""label indépendant"", ""distribution""]",,,,,,,,,,,,,,,,,,,,,,,,,"Référence exacte à préciser ; inclure Buzzcocks, Spiral Scratch, New Hormones, 1977.","[""registre historique""]",À rapprocher de S72-A008.,,,,,
source,S25,registers/references/master_references.md,"S25 — Factory Records, philosophie pas de contrats, s.d.",,"S25 — Factory Records, philosophie pas de contrats, s.d.",Factory Records,Philosophie « pas de contrats » et écosystème Factory,1978–1992,concept documentaire / archive label,,,,"Factory Records ; Tony Wilson ; Alan Erasmus, Factory Records : écosystème et philosophie des « handshake deals », 1978–1992",s.d.,,,,a_consolider,,,,,,,,,moyenne,,"[""Chapitre 1"", ""Chapitre 9"", ""Chapitre 14""]",,,,,,,,,,,,,,,,,,,,,,,,,,,"[""indépendance"", ""label""]",,,,,,,,,,,,,,,,,,,,,,,,,"Sources précises à déterminer ; à croiser avec Tony Wilson, Rob Gretton, Simon Reynolds et Claude Flowers.","[""registre historique""]",Entrée conceptuelle plus que référence unique ; peut être éclatée.,,,,,
source,S26,registers/references/master_references.md,"S26 — Butt, Post-Punk Then and Now, s.d.",,"S26 — Butt, Post-Punk Then and Now, s.d.",Gavin Butt,Post-Punk Then and Now,2016,ouvrage ou article critique,,,,"Gavin Butt ; Kodwo Eshun ; Mark Fisher (dir.), Post-Punk Then and Now, 2016",s.d.,,,,a_consolider,,,,,,,,,forte,,"[""Chapitre 1"", ""Chapitre 14""]",,,,,,,,,,,,,,,,,,,,,,,,,,,"[""écoles d’art"", ""réseaux""]",,,,,,,,,,,,,,,,,,,,,,,,,"BUTT, Gavin, Post-Punk Then and Now, référence complète à préciser.","[""registre historique""]",Référence à localiser et compléter.,,,,,
source,S27,registers/references/master_references.md,"S27 — Crossley, réseaux sociaux et scènes musicales, s.d.",,"S27 — Crossley, réseaux sociaux et scènes musicales, s.d.",Nick Crossley,Travaux sur réseaux sociaux et scènes musicales,2016,sociologie des réseaux,,,,"Loïc Riom, Nick CROSSLEY, Networks of Sound, Style and Subversion: The Punk and Post-punk Worlds of Manchester, London and Sheffield, 1975-1980, 2016",s.d.,,,,a_consolider,,,,,,,,,forte,,"[""Chapitre 1"", ""Chapitre 9""]",,,,,,,,,,,,,,,,,,,,,,,,,,,"[""réseaux"", ""sociologie""]",,,,,,,,,,,,,,,,,,,,,,,,,Référence exacte à préciser.,"[""registre historique""]",Déterminer quel ouvrage/article de Crossley fonde l’usage.,,,,,
source,S28,registers/references/master_references.md,"S28 — Granada TV / Tony Wilson, So It Goes, s.d.",,"S28 — Granada TV / Tony Wilson, So It Goes, s.d.",Granada TV / Tony Wilson,"So It Goes, archives émission",1976–1977,archive audiovisuelle,,,,"Granada Television ; Tony Wilson, So It Goes, 1976–1977",s.d.,,,,a_consolider,,,,,,,,,forte,,"[""Chapitre 1"", ""Chapitre 9""]",,,,,,,,,,,,,,,,,,,,,,,,,,,"[""médiatisation"", ""TV""]",,,,,,,,,,,,,,,,,,,,,,,,,Référence audiovisuelle précise à déterminer.,"[""registre historique""]","Préciser épisode, date et accès archive.",,,,,
source,S29,registers/references/master_references.md,"S29 — Goddard, post-punk et paysage industriel, s.d.",,"S29 — Goddard, post-punk et paysage industriel, s.d.",Michael Goddard,Analyse du post-punk et transformation du paysage industriel,2018,article ou ouvrage critique,,,,"Michael Goddard, Missions of Dead Souls: A Hauntology of the Industrial, Modernism and Esotericism in the Music of Joy Division, 2018",s.d.,,,,a_consolider,,,,,,,,,forte,,"[""Chapitre 1""]",,,,,,,,,,,,,,,,,,,,,,,,,,,"[""hantologie"", ""esthétique""]",,,,,,,,,,,,,,,,,,,,,,,,,Référence exacte à préciser.,"[""registre historique""]",Référence centrale à consolider si le chapitre mobilise hantologie/paysage industriel.,,,,,
source,S30,registers/references/master_references.md,"S30 — Frith, musique populaire et résistance culturelle, s.d.",,"S30 — Frith, musique populaire et résistance culturelle, s.d.",Simon Frith,Travaux sur musique populaire et résistance culturelle,1981,sociologie / musicologie populaire,,,,"Simon Frith, Sound Effects: Youth, Leisure, and the Politics of Rock, 1981",s.d.,,,,a_consolider,,,,,,,,,forte,,"[""Chapitre 1""]",,,,,,,,,,,,,,,,,,,,,,,,,,,"[""résistance"", ""musique pop""]",,,,,,,,,,,,,,,,,,,,,,,,,Référence exacte à préciser.,"[""registre historique""]",Déterminer l’ouvrage ou article exact de Frith utilisé.,,,,,
source,S31,registers/references/master_references.md,"S31 — Allegri, Living in the Ice Age, s.d.",,"S31 — Allegri, Living in the Ice Age, s.d.",Giuseppe Allegri,Living in the Ice Age,2021,analyse critique,,,,"Giuseppe Allegri, Living in the Ice Age. Joy Division: un’impresa comune tra post-situazionismo e isolazionismo, 2021",s.d.,,,,a_consolider,,,,,,,,,moyenne,,"[""Chapitre 1""]",,,,,,,,,,,,,,,,,,,,,,,,,,,"[""froid"", ""modernité""]",,,,,,,,,,,,,,,,,,,,,,,,,Référence exacte à préciser.,"[""registre historique""]",Référence à localiser.,,,,,
source,S32,registers/references/master_references.md,"S32 — Kraftwerk, influence électronique, s.d.",,"S32 — Kraftwerk, influence électronique, s.d.",Kraftwerk,"Influence électronique, références à préciser",1975–1977,référence musicale / influence,,,,"Kraftwerk, Trans-Europe Express ; Radio-Activity, 1975–1977",s.d.,,,,a_consolider,,,,,,,,,forte,,"[""Chapitre 1"", ""Chapitre 3""]",,,,,,,,,,,,,,,,,,,,,,,,,,,"[""avant-garde"", ""mécanique""]",,,,,,,,,,,,,,,,,,,,,,,,,Référence discographique ou critique à préciser.,"[""registre historique""]","Entrée trop générale ; préciser albums, morceaux ou source critique.",,,,,
source,S33,registers/references/master_references.md,"S33 — Can, influence krautrock, s.d.",,"S33 — Can, influence krautrock, s.d.",Can,"Influence krautrock, références à préciser",1971,référence musicale / influence,,,,"Can, Tago Mago, 1971",s.d.,,,,a_consolider,,,,,,,,,forte,,"[""Chapitre 1"", ""Chapitre 3""]",,,,,,,,,,,,,,,,,,,,,,,,,,,"[""expérimentation"", ""répétition""]",,,,,,,,,,,,,,,,,,,,,,,,,Référence discographique ou critique à préciser.,"[""registre historique""]","Entrée trop générale ; préciser albums, morceaux ou source critique.",,,,,
source,S34,registers/references/master_references.md,"S34 — Fraser & Fuoto, incorporation urbaine dans Joy Division, s.d.",,"S34 — Fraser & Fuoto, incorporation urbaine dans Joy Division, s.d.",Benjamin Fraser ; Abby Fuoto,Étude sur l’incorporation urbaine dans la musique de Joy Division,2012,article universitaire,,,,"Benjamin Fraser ; Abby Fuoto, Manchester, 1976: Documenting the urban nature of Joy Division’s musical production, 2012",s.d.,,,,a_consolider,,,,,,,,,forte,,"[""Chapitre 1"", ""Chapitre 13""]",,,,,,,,,,,,,,,,,,,,,,,,,,,"[""urbanité"", ""incorporation""]",,,,,,,,,,,,,,,,,,,,,,,,,Référence exacte à préciser.,"[""registre historique""]",Référence importante pour géographie émotionnelle ; à localiser et atomiser si disponible.,,,,,
source,S36,registers/references/master_references.md,"S36 — Crosthwaite, historicisme imaginatif, s.d.",,"S36 — Crosthwaite, historicisme imaginatif, s.d.",Paul Crosthwaite,Critique de l’historicisme imaginatif,2016,critique méthodologique,,,,"Paul Crosthwaite, Trauma and Degeneration: Joy Division and Pop Criticism’s Imaginative Historicism, 2016",s.d.,,,,a_consolider,,,,,,,,,moyenne,,"[""Chapitre 1""]",,,,,,,,,,,,,,,,,,,,,,,,,,,"[""réception critique"", ""méthode""]",,,,,,,,,,,,,,,,,,,,,,,,,Référence exacte à préciser.,"[""registre historique""]",Référence à localiser ; utile pour cadrer les risques de projection rétrospective.,,,,,
source,S38,registers/references/master_references.md,"S38 — Saville / Manchester United / Adidas, Pulsebeat of Manchester, 2023",,"S38 — Saville / Manchester United / Adidas, Pulsebeat of Manchester, 2023",Peter Saville / Manchester United / Adidas,Collection Pulsebeat of Manchester,2022–2024,objet visuel / patrimonialisation contemporaine,,,,"Peter Saville ; Manchester United ; adidas, Pulsebeat of Manchester collection, 2022–2024",2023,,,,a_consolider,,,,,,,,,moyenne,,"[""Chapitre 1"", ""Chapitre 14""]",,,,,,,,,,,,,,,,,,,,,,,,,,,"[""patrimonialisation"", ""design""]",,,,,,,,,,,,,,,,,,,,,,,,,Référence exacte à préciser.,"[""registre historique""]",Source contemporaine ; probablement à traiter surtout au chapitre 14.,,,,,
source,S39,registers/references/master_references.md,"S39 — Bauman, modernité liquide, s.d.",,"S39 — Bauman, modernité liquide, s.d.",Zygmunt Bauman,Concept de modernité liquide,2000,concept sociologique,,,,"Zygmunt Bauman, Liquid Modernity, 2000",s.d.,,,,a_consolider,,,,,,,,,forte,,"[""Chapitre 1""]",,,,,,,,,,,,,,,,,,,,,,,,,,,"[""liquidité"", ""liens sociaux""]",,,,,,,,,,,,,,,,,,,,,,,,,"BAUMAN, Zygmunt, Modernité liquide, édition à préciser.","[""registre historique""]",Édition française ou originale à fixer avant citation.,,,,,
source,S40,registers/references/master_references.md,"S40 — Cacciatore, nostalgie du futur, s.d.",,"S40 — Cacciatore, nostalgie du futur, s.d.",Fortunato M. Cacciatore,Formule « nostalgie du futur »,2021,concept / citation à vérifier,,,,"Fortunato M. Cacciatore, ...waiting for something to happen..., 2021",s.d.,,,,a_consolider,,,,,,,,,faible,,"[""Chapitre 1""]",,,,,,,,,,,,,,,,,,,,,,,,,,,"[""temps"", ""futur perdu""]",,,,,,,,,,,,,,,,,,,,,,,,,Référence exacte à préciser.,"[""registre historique""]",Référence incertaine ; ne pas utiliser comme source probatoire avant identification exacte.,,,,,
source,S41,registers/references/master_references.md,"S41 — Hook, Unknown Pleasures, 2012",,"S41 — Hook, Unknown Pleasures, 2012",Peter Hook,Unknown Pleasures: Inside Joy Division,2012,mémoire primaire,,,,"Peter Hook, Unknown Pleasures: Inside Joy Division, 2012",2012,,,,atomisee,,,,,,,,,forte,,"[""Chapitre 1"", ""Chapitre 2"", ""Chapitre 3"", ""Chapitre 5"", ""Chapitre 6"", ""Chapitre 7"", ""Chapitre 8"", ""Chapitre 9"", ""Chapitre 10"", ""Chapitre 11"", ""Chapitre 13"", ""Chapitre 14""]",,,,,,,,,,,,,,,,,,,,,,,,,,,"[""mémoire interne"", ""formation du groupe"", ""dynamique musicale"", ""Factory""]",,,,,,,,,,,,,,,,,,,,,,,,,"HOOK, Peter, Unknown Pleasures: Inside Joy Division, Londres, Simon & Schuster, 2012.","[""data/registre.json"", ""atomisation"", ""registre historique""]",Peter Hook conserve l’identifiant canonique S41. Les fichiers sources/hook/* restent cohérents et ne doivent pas être migrés.,,"[""S35""]",,,
source,S45,registers/references/master_references.md,"S45 — Curtis, Touching from a Distance, 1995",,"S45 — Curtis, Touching from a Distance, 1995",Deborah Curtis,Touching from a Distance: Ian Curtis and Joy Division,1995,mémoire primaire,,,,"Deborah Curtis, Touching from a Distance: Ian Curtis and Joy Division, 1995",1995,,,,atomisee_a_consolider,,,,,,,,,forte,,"[""Chapitre 10"", ""Chapitre 11"", ""Chapitre 12"", ""Chapitre 14""]",,,,,,,,,,,,,,,,,,,,,,,,,,,"[""mémoire intime"", ""Ian Curtis"", ""domesticité"", ""maladie"", ""derniers mois""]",,,,,,,,,,,,,,,,,,,,,,,,,"CURTIS, Deborah, Touching from a Distance: Ian Curtis and Joy Division, Londres, Faber and Faber, 1995.","[""data/registre.json"", ""atomisation""]",Référence repo canonique ; S37 est conservé comme legacy migré.,,,,,
source,S46,registers/references/master_references.md,"S46 — Johnson, An Ideal for Living, 1984",,"S46 — Johnson, An Ideal for Living, 1984",Mark Johnson ; David Lees ; Paul Morley ; Jon Wozencroft,An Ideal for Living: An History of Joy Division,1984,livre documentaire ancien,,,,"Mark Johnson ; David Lees ; Paul Morley ; Jon Wozencroft, An Ideal for Living: An History of Joy Division, 1984",1984,,,,consolidee_a_atomiser,,,,,,,,,forte,,"[""Chapitre 2"", ""Chapitre 8"", ""Chapitre 14""]",,,,,,,,,,,,,,,,,,,,,,,,,,,"[""chronologie fondatrice"", ""premières années"", ""discographie initiale""]",,,,,,,,,,,,,,,,,,,,,,,,,"JOHNSON, Mark ; LEES, David ; MORLEY, Paul ; WOZENCROFT, Jon, An Ideal for Living: An History of Joy Division. From their mythical origins as The Stiff Kittens to their programmed future as New Order, Londres, Proteus Books, 1984, 125 p., ISBN 0862761654 (paperback) / 0862761662 (hardback). Rééditions : Bobcat Books, 1986 ; Omnibus Press / Music Sales, 1986-1988 selon notices.","[""data/registre.json"", ""document maître chapitre 2"", ""vérification web""]","Corrige l’entrée provisoire « Bobcat Books, 1984 » : l’édition originale repérée est Proteus Books, 1984 ; Bobcat correspond à une réédition.",,,,,
source,S47,registers/references/master_references.md,"S47 — West, Joy Division, 1984",,"S47 — West, Joy Division, 1984",Mike West,Joy Division,1984,livre documentaire ancien / source secondaire de recoupement,,,,"Mike West, Joy Division, 1984",1984,,,,consolidee_a_atomiser,,,,,,,,,moyenne,,"[""Chapitre 2"", ""Chapitre 5"", ""Chapitre 10"", ""Chapitre 11"", ""Chapitre 14""]",,,,,,,,,,,,,,,,,,,,,,,,,,,"[""recoupement biographique"", ""recoupement chronologique"", ""critique du mythe Curtis"", ""discographie""]",,,,,,,,,,,,,,,,,,,,,,,,,"WEST, Mike, Joy Division, Londres, Babylon Books, 1984, 64 p., ISBN 0-907188-21-4. Photographies : Kevin Cummins.","[""data/registre.json"", ""vérification web""]","Corrige l’année provisoire 1983 en 1984. Source utile mais à recouper avec Hook, Curtis, Johnson, Flowers et les archives discographiques.",,,,,
source,S68,registers/references/master_references.md,"S68 — Broll, Joy Division, 1988",,"S68 — Broll, Joy Division, 1988",Marco Broll,Joy Division,1988,livret critique et documentaire / source secondaire de recoupement,,,,"Marco Broll, Joy Division, 1988",1988,,,,consolidee_a_confirmer_sur_exemplaire,,,,,,,,,moyenne,,"[""Chapitre 2"", ""Chapitre 3"", ""Chapitre 6"", ""Chapitre 8"", ""Chapitre 9"", ""Chapitre 14""]",,,,,,,,,,,,,,,,,,,,,,,,,,,"[""recoupement chronologique"", ""recoupement discographique"", ""sessions"", ""concerts"", ""objets discographiques"", ""bootlegs""]",,,,,,,,,,,,,,,,,,,,,,,,,"BROLL, Marco, Joy Division, Viterbo, Stampa Alternativa, coll. Sconcerto, 1988. Livret italien accompagné selon les exemplaires d’un 7 pouces ou d’un mini-CD ; référence éditoriale exacte et ISBN éventuel à confirmer sur l’exemplaire OCRisé.","[""data/registre.json"", ""atomisation"", ""vérification web""]","La référence web stabilise auteur, titre, éditeur et année générale. Le repo conserve une réserve car l’OCR source peut provenir d’une variante ou réédition.",,"[""S68""]",,,
source,S69,registers/references/master_references.md,"S69 — Greig & Strong, But We Remember When We Were Young, 2014",,"S69 — Greig & Strong, But We Remember When We Were Young, 2014",Alastair Greig ; Catherine Strong,But We Remember When We Were Young,2014,article scientifique traduit,,,,"Alastair Greig ; Catherine Strong, But We Remember When We Were Young, 2014",2014,,,,atomisee,,,,,,,,,forte,,"[""Chapitre 9"", ""Chapitre 10"", ""Chapitre 11"", ""Chapitre 12"", ""Chapitre 14""]",,,,,,,,,,,,,,,,,,,,,,,,,,,"[""nostalgie"", ""mémoire culturelle"", ""témoins d’autorité"", ""patrimonialisation"", ""réception contemporaine"", ""marketing""]",,,,,,,,,,,,,,,,,,,,,,,,,"GREIG, Alastair ; STRONG, Catherine, « But We Remember When We Were Young », Volume ! La revue des musiques populaires, 11:1, 2014, p. 191-205, DOI : 10.4000/volume.4390.","[""data/registre.json"", ""atomisation""]",Référence consolidée ; citations à distinguer entre traduction publiée et citations indirectement rapportées.,,,,,
source,S70,registers/references/master_references.md,"S70 — Suatoni, Dal cuore della città / From the Centre of the City, 1990",,"S70 — Suatoni, Dal cuore della città / From the Centre of the City, 1990",Alfredo Suatoni,Joy Division: Dal cuore della città / From the Centre of the City,1990,livret critique et documentaire / source secondaire de recoupement,,,,"Alfredo Suatoni, Joy Division: Dal cuore della città / From the Centre of the City, 1990",1990,,,,consolidee,,,,,,,,,moyenne,,"[""Chapitre 2"", ""Chapitre 3"", ""Chapitre 5"", ""Chapitre 6"", ""Chapitre 7"", ""Chapitre 8"", ""Chapitre 9"", ""Chapitre 10"", ""Chapitre 11"", ""Chapitre 14""]",,,,,,,,,,,,,,,,,,,,,,,,,,,"[""chronologie"", ""discographie"", ""réception"", ""analyse sonore"", ""paroles"", ""culte"", ""Factory"", ""héritage posthume""]",,,,,,,,,,,,,,,,,,,,,,,,,"SUATONI, Alfredo, Joy Division: Dal cuore della città / From the Centre of the City, Viterbo, Stampa Alternativa, coll. Sconcerto, 1990, 72 p., ISBN 88-7226-026-4. Certaines notices signalent une édition ou diffusion 1993 avec mini-CD ; conserver 1990 comme édition initiale à vérifier sur l’exemplaire.","[""data/registre.json"", ""atomisation"", ""vérification web""]",Remplace le titre générique « Joy Division ». Les citations restent à revérifier sur scan propre car l’OCR est bruité.,,,,,
source,S71,registers/references/master_references.md,"S71 — Flowers, Dreams Never End, 1995/2012",,"S71 — Flowers, Dreams Never End, 1995/2012",Claude Flowers,New Order + Joy Division: Dreams Never End,1995/2012,livre biographique et discographique,,,,"Claude Flowers, New Order + Joy Division: Dreams Never End, 1995/2012",1995/2012,,,,atomisee,,,,,,,,,moyenne,,"[""Chapitre 1"", ""Chapitre 2"", ""Chapitre 3"", ""Chapitre 5"", ""Chapitre 6"", ""Chapitre 7"", ""Chapitre 8"", ""Chapitre 9"", ""Chapitre 10"", ""Chapitre 11"", ""Chapitre 14""]",,,,,,,,,,,,,,,,,,,,,,,,,,,"[""Joy Division"", ""New Order"", ""Manchester"", ""Factory"", ""transition posthume"", ""Hacienda"", ""Blue Monday"", ""Substance"", ""héritage""]",,,,,,,,,,,,,,,,,,,,,,,,,"FLOWERS, Claude, New Order + Joy Division: Dreams Never End, Londres, Omnibus Press, 1995 ; édition numérique Omnibus Press, 2012, EISBN 978-0-85712-760-0.","[""data/registre.json"", ""atomisation""]",Source secondaire publiée ; citations d’acteurs à distinguer de la narration de Flowers.,,,,,
source,S72,registers/references/master_references.md,"S72 — Reynolds, Rip It Up and Start Again, 2005/2006",,"S72 — Reynolds, Rip It Up and Start Again, 2005/2006",Simon Reynolds,Rip It Up and Start Again: Postpunk 1978–1984,2005/2006,essai historique et critique,,,,"Simon Reynolds, Rip It Up and Start Again: Postpunk 1978–1984, 2005/2006",2005/2006,,,,atomisee,,,,,,,,,forte,,"[""Chapitre 1"", ""Chapitre 2"", ""Chapitre 3"", ""Chapitre 5"", ""Chapitre 7"", ""Chapitre 8"", ""Chapitre 9"", ""Chapitre 10"", ""Chapitre 11"", ""Chapitre 13"", ""Chapitre 14""]",,,,,,,,,,,,,,,,,,,,,,,,,,,"[""post-punk"", ""Joy Division"", ""Manchester"", ""Factory"", ""Ballard"", ""DIY"", ""New Order"", ""goth"", ""héritage""]",,,,,,,,,,,,,,,,,,,,,,,,,"REYNOLDS, Simon, Rip It Up and Start Again: Postpunk 1978–1984, Londres, Faber and Faber, 2005 ; New York, Penguin Books, 2006.","[""data/registre.json"", ""atomisation"", ""registre historique""]",S72 est l’identifiant canonique du repo ; S20 est conservé comme legacy_id issu des anciens documents de travail.,,"[""S20""]",,,
source,S73,registers/references/master_references.md,"S73 — Blue Orchids, entrée historique à consolider, s.d.",,"S73 — Blue Orchids, entrée historique à consolider, s.d.",Blue Orchids,Référence à préciser,s.d.,référence musicale / scène Manchester,,,,"Blue Orchids, Référence historique à consolider, s.d.",s.d.,,,,a_consolider,,,,,,,,,moyenne,,"[""Chapitre 1""]",,,,,,,,,,,,,,,,,,,,,,,,,,,"[""post-punk"", ""scène de Manchester""]",,,,,,,,,,,,,,,,,,,,,,,,,À consolider depuis le registre historique.,"[""registre historique"", ""data/registre.json""]","Blue Orchids est déplacé en S73 afin de laisser S41 à Peter Hook, dont les fichiers atomisés utilisent déjà cet identifiant.",,"[""S41-HIST""]",,,
source,S89,registers/references/master_references.md,"S89 — Savage, England's Dreaming, 1991",,"S89 — Savage, England's Dreaming, 1991",Jon Savage,"England's Dreaming: Anarchy, Sex Pistols, Punk Rock, and Beyond",1991,histoire critique du punk britannique / source secondaire critique majeure,,,,"Jon Savage, England's Dreaming: Anarchy, Sex Pistols, Punk Rock, and Beyond, 1991",1991,,,,source_canonique_fixee,,,,,,,,,forte,,"[""Chapitre 1"", ""Chapitre 2"", ""Chapitre 3"", ""Chapitre 4""]","[""Chapitre 11"", ""Chapitre 14""]",,,,,,,,,,,,,,,,,,,,,,,,,,"[""Jon Savage"", ""Sex Pistols"", ""McLaren"", ""Westwood"", ""Lesser Free Trade Hall"", ""4 juin 1976"", ""20 juillet 1976"", ""Manchester punk"", ""Buzzcocks"", ""Devoto"", ""Shelley"", ""Spiral Scratch"", ""New Hormones"", ""Tony Wilson"", ""Factory Records"", ""So It Goes"", ""Sniffin' Glue"", ""fanzines"", ""no future"", ""post-punk"", ""contexte chapitres 1-4""]",,,,,,,,,,,,,,,,,,,,,,,,,"SAVAGE, Jon, England's Dreaming: Anarchy, Sex Pistols, Punk Rock, and Beyond, Londres, Faber and Faber, 1991.","[""data/registre.json"", ""registers/references/s89_savage_englands_dreaming_source_canonique.md""]","S89 désigne exclusivement l'édition Faber and Faber 1991 (hardback, ISBN 0-571-13975-6). Les éditions révisées (St. Martin's Griffin 1992, Faber paperback 2001, Faber 2005) doivent être citées explicitement. Ne pas confondre avec les autres ouvrages de Jon Savage (Teenage, 1966, This Searing Light), ni avec son foreword à S45, ni avec sa coédition de S79. Atomisation à démarrer.",,,,,
source,S90,registers/references/master_references.md,"S90 — Fisher, Ghosts of My Life, 2014",,"S90 — Fisher, Ghosts of My Life, 2014",Mark Fisher,"Ghosts of My Life: Writings on Depression, Hauntology and Lost Futures",2014,recueil d'essais critiques / source théorique primaire pour la hauntologie et les lost futures,,,,"Mark Fisher, Ghosts of My Life: Writings on Depression, Hauntology and Lost Futures, 2014",2014,,,,source_canonique_fixee,,,,,,Zero Books,,,forte,,"[""Chapitre 7"", ""Chapitre 11"", ""Chapitre 12"", ""Chapitre 14""]","[""Chapitre 6"", ""Chapitre 9"", ""Chapitre 13""]",,,,,,,978-1-78099-226-6,,,,,,,,,,,,,,,,,,,"[""Mark Fisher"", ""K-Punk"", ""hauntology"", ""lost futures"", ""slow cancellation of the future"", ""popular modernism"", ""capitalist realism"", ""depression"", ""Joy Division"", ""Closer"", ""Atmosphere"", ""Decades"", ""Burial"", ""Caretaker"", ""John Foxx"", ""Derrida"", ""Berardi"", ""Reynolds"", ""Patrick Keiller"", ""Sapphire and Steel"", ""dyschronia"", ""Zero Books""]",,,,,,,,,,,,,,,,,,,,,,,,,"FISHER, Mark, Ghosts of My Life: Writings on Depression, Hauntology and Lost Futures, Winchester (UK) ; Washington (US), Zero Books, 2014, ISBN 978-1-78099-226-6.","[""data/registre.json"", ""registers/references/s90_fisher_ghosts_of_my_life_source_canonique.md""]","S90 désigne exclusivement le recueil Ghosts of My Life (Zero Books, 2014). Ne pas confondre avec Capitalist Realism (2009), The Weird and the Eerie (2016), K-Punk (2018 posthume), Postcapitalist Desire (2020 posthume), les billets K-Punk en ligne, ni avec la coédition S26 Post-Punk Then and Now (où Fisher est coéditeur, statut distinct). Socle théorique fisherien primaire du corpus ; S29 et S88 le citent au second degré et doivent être recroisés avec S90 lors de l'atomisation. Distinguer hauntologie fisherienne (culture populaire) de hantologie derridienne (Specters of Marx, 1993).",,,"[""S26 (coédition Fisher)"", ""S29 Goddard (médiation hauntologie)"", ""S88 Cashell (Fisher×3)"", ""S72 Reynolds (Retromania débat)"", ""S52 Rabbito (Control)"", ""S87 Otter Bickerdike (posteconomy)""]",,
source,S91,registers/references/master_references.md,"S91 — Reynolds, Retromania, 2011",,"S91 — Reynolds, Retromania, 2011",Simon Reynolds,Retromania: Pop Culture's Addiction to Its Own Past,2011,essai de critique culturelle / théorie de la culture pop des années 2000,,,,"Simon Reynolds, Retromania: Pop Culture's Addiction to Its Own Past, 2011",2011,,,,source_canonique_fixee,,,,,,Faber and Faber,,,forte,,"[""Chapitre 7"", ""Chapitre 14""]","[""Chapitre 9"", ""Chapitre 11"", ""Chapitre 13""]",,,,,,,978-0-571-23269-1,,,,,,,,,,,,,,,,,,,"[""Simon Reynolds"", ""Retromania"", ""hyperstasis"", ""revival"", ""post-punk revival"", ""Interpol"", ""Editors"", ""Bloc Party"", ""Franz Ferdinand"", ""vinyl revival"", ""archive fever"", ""YouTube"", ""reunion economy"", ""hypnagogic pop"", ""chillwave"", ""vaporwave"", ""Ariel Pink"", ""slow cancellation of the future"", ""Mark Fisher dialogue"", ""Jameson"", ""Huyssen"", ""Boym"", ""nostalgia"", ""Faber 2011""]",,,,,,,,,,,,,,,,,,,,,,,,,"REYNOLDS, Simon, Retromania: Pop Culture's Addiction to Its Own Past, Londres, Faber and Faber, 2011, ISBN 978-0-571-23269-1.","[""data/registre.json"", ""registers/references/s91_reynolds_retromania_source_canonique.md""]","S91 désigne exclusivement Retromania (Faber and Faber, 2011, ISBN 978-0-571-23269-1). Distinction stricte avec S72 Rip It Up (2005) du même auteur — ouvrages, objets et méthodes radicalement distincts (chronologie 1978-1984 vs théorie du revival 2000-2010). Paire critique indissociable avec S90 Fisher : Reynolds (hyperstasis, addiction archivistique) et Fisher (hauntologie, lost futures) forment le dyptique théorique de l'épuisement futural pop. Toute attribution conceptuelle commune doit identifier l'auteur source précis. Atomisation à démarrer.",,,"[""S72 (distinction critique)"", ""S90 Fisher (paire critique indissociable)"", ""S26 (post-punk studies)"", ""S29 Goddard (citation à recroiser)"", ""S88 Cashell (citation à recroiser)"", ""S78 Nevarez (citation à recroiser)""]","{""s72_vs_s91"": ""S72 Reynolds Rip It Up and Start Again (2005, chronologie post-punk 1978-1984) et S91 Reynolds Retromania (2011, essai sur le revival 2000-2010) sont DEUX OUVRAGES DISTINCTS du même auteur. NE JAMAIS confondre. Vérifier titre + année avant attribution."", ""s91_vs_autres_reynolds"": ""S91 ne désigne pas Energy Flash (1998), Bring the Noise (2007), Shock and Awe (2016), Futuromania (2024).""}",
source,S92,registers/references/master_references.md,"S92 — Corbijn, Inwards and Onwards, 2005",,"S92 — Corbijn, Inwards and Onwards, 2005",Anton Corbijn,Inwards and Onwards,2005,monographie photographique / source primaire visuelle / rétrospective de portraits 1979-2005,,,,"Anton Corbijn, Inwards and Onwards, 2005",2005,,,,source_canonique_fixee,,,,,Munich,Schirmer/Mosel,,,forte,,"[""Chapitre 7"", ""Chapitre 9"", ""Chapitre 14""]","[""Chapitre 4"", ""Chapitre 6"", ""Chapitre 8"", ""Chapitre 13""]",,,,,,,978-3-8296-0184-4 (à vérifier sur exemplaire),,,,,,,,,,,,,,,,,,,"[""Anton Corbijn"", ""Inwards and Onwards"", ""Schirmer/Mosel"", ""Joy Division"", ""Lancaster Gate"", ""métro de Londres"", ""5 janvier 1979"", ""Ian Curtis portraits"", ""noir et blanc"", ""regard néerlandais"", ""NME"", ""U2"", ""Depeche Mode"", ""R.E.M."", ""Tom Waits"", ""Atmosphere clip 1988"", ""Control film 2007"", ""rétrospective"", ""iconographie internationale""]",,,,,,,,,,,,,,,,,,,,,,,,,"CORBIJN, Anton, Inwards and Onwards, Munich, Schirmer/Mosel, 2005. ISBN à verrouiller sur exemplaire.","[""data/registre.json"", ""registers/references/s92_corbijn_inwards_and_onwards_source_canonique.md""]","S92 désigne exclusivement la monographie Inwards and Onwards (Schirmer/Mosel, 2005). Aucune absorption des autres monographies Corbijn ni du film Control ni du livre In Control (2007). Dyptique iconographique fondateur avec S09 Cummins : Cummins = regard interne mancunien NME ; Corbijn = regard externe néerlandais Londres/continental. Tout atome iconographique du corpus doit identifier le photographe source. Identifié comme lacune critique du Ch.09 dans l'audit du 2026-05-27 (diffusion visuelle internationale). ISBN et pagination à verrouiller sur exemplaire lors de l'atomisation.",,,"[""S09 Cummins (dyptique iconographique fondateur"", ""miroir interne/externe)"", ""S45 Curtis (Corbijn réalise Control 2007 d'après Touching from a Distance)"", ""S52 Rabbito (analyse italienne du film Control)"", ""S88 Cashell (réseau Saville/Corbijn)"", ""S87 Otter Bickerdike (posteconomy visuelle)"", ""S48 De Sia (graphisme JD complémentaire)"", ""S37 Morley (presse NME contemporaine)""]","{""s92_vs_autres_corbijn"": ""S92 ne désigne pas Famouz (1989), Star Trak (1996), 33 Still Lives (1999), U2 & I (2005, distinct), In Control (2007, livre compagnon du film), Waits/Corbijn (2013), Mood/Mode (2013), 1-2-3-4 (2019), Depeche Mode by Anton Corbijn (2020). Une même image peut apparaître dans plusieurs monographies avec recadrages et légendes différents — toujours identifier le livre source précis."", ""livre_vs_film"": ""S92 (livre photographique, 2005) ne désigne ni Control (film, 2007) ni In Control (livre compagnon, 2007). Trois œuvres distinctes.""}",
source,S48,registers/references/s48_desia_segno_grafica_visione_source_canonique.md,"S48 — Source canonique — De Sia, « Il segno, la grafica, la visione », 2021",S48,"S48 — De Sia, Il segno, la grafica, la visione, 2021",Alfredo De Sia,"Il segno, la grafica, la visione",2021,,,,reference_canonique,"De Sia, Il segno, la grafica, la visione, 2021",2021,sources/desia_segno_grafica_visione/,,p. 94-98,source canonique fixée ; atomes v2 intégrés,,,,,,,,,,,,,,,,,,"Alfonso Amendola et Linda Barone (dir.), Our Vision Touched the Sky: Fenomenologia dei Joy Division, Roma, Rogas Edizioni, 2021",,,,,,,,,,,,,,,,,,,,,,,,,,,,,,,,,,,,,,,,,,,,,,,,,,,,
source,S35,registers/references/s35_morris_record_play_pause_source_canonique.md,"S35 — Source canonique — Morris, *Record Play Pause*, 2019",S35,"S35 — Morris, Record Play Pause, 2019",Stephen Morris,"Record Play Pause: Confessions of a Post-Punk Percussionist, Volume I",2019,,,,reference_canonique,"Morris, Record Play Pause, 2019",2019,sources/morris_record_play_pause/,,,source canonique fixée ; atomes v2 intégrés,,,,,London,Constable,,,,,,,,,,,,,978-1-47212-619-1,,,,,,,,,,,,,,,,,,,,,,,,,,,,,,,,,,,,,,,,,,,,,,,,,,,"Little, Brown Book Group"
source,S35,registers/references/s35_morris_record_play_pause_part_05_reference_supplement.md,Source canonique,,"S35 — Morris, Record Play Pause, 2019",Stephen Morris,"Record Play Pause: Confessions of a Post-Punk Percussionist, Volume I",2019,,,,,"Stephen Morris, Record Play Pause: Confessions of a Post-Punk Percussionist, Volume I, 2019",2019,,,,source primaire rétrospective ; témoignage interne ; mémoire autobiographique stylisée,,,,,,Constable,,,,,,,,,,,,,,,,,,,,,,,,,,,,,,,,,,,,,,,,,,,,,,,,,,,,,,,,,,,,,,,,
source,S35,registers/references/s35_morris_record_play_pause_part_04_reference_supplement.md,Source canonique,,"S35 — Morris, Record Play Pause, 2019",Stephen Morris,"Record Play Pause: Confessions of a Post-Punk Percussionist, Volume I",2019,,,,,"Stephen Morris, Record Play Pause: Confessions of a Post-Punk Percussionist, Volume I, 2019",2019,,,,source primaire rétrospective ; témoignage interne ; mémoire autobiographique stylisée,,,,,,Constable,,,,,,,,,,,,,,,,,,,,,,,,,,,,,,,,,,,,,,,,,,,,,,,,,,,,,,,,,,,,,,,,
source,S43,registers/references/s43_capozzi_weight_on_their_shoulders_source_canonique.md,"S43 — Source canonique — Capozzi, « The weight on their shoulders », 2021",S43,"S43 — Capozzi, The weight on their shoulders, 2021",Eugenio Capozzi,The weight on their shoulders. Ian Curtis e la metamorfosi dei baby boomers,2021,,,,reference_canonique,"Capozzi, The weight on their shoulders, 2021",2021,sources/capozzi_weight_on_their_shoulders/,Alfonso Amendola e Linda Barone - Our vision touched the sky.pdf,,source canonique fixée ; atomes v2 intégrés,,,,,Roma,Rogas Edizioni,,64-75,,,,,,,,,,"Alfonso Amendola et Linda Barone (dir.), Our Vision Touched the Sky: Fenomenologia dei Joy Division",9788845294778,,,,,,,,,,,,,,,,,,,,,,,,,,S43_capozzi_weight_on_their_shoulders_2021.pdf,,,,,,,,,,,,,,,,,,,,,,,,,
source,S44,registers/references/s44_guarino_vomito_culturale_source_canonique.md,"S44 — Source canonique — Guarino, « I Joy Division tra vomito culturale e ideali sottoculturali », 2021",S44,"S44 — Guarino, I Joy Division tra vomito culturale e ideali sottoculturali, 2021",Donato Guarino,I Joy Division tra vomito culturale e ideali sottoculturali,2021,,,,reference_canonique,"Guarino, I Joy Division tra vomito culturale, 2021",2021,sources/guarino_vomito_culturale_ideali_sottoculturali/,,p. 76-92,source canonique fixée ; atomes v2 intégrés,,,,,,,,,,,,,,,,,,"Alfonso Amendola et Linda Barone (dir.), Our Vision Touched the Sky: Fenomenologia dei Joy Division, Roma, Rogas Edizioni, 2021",,,,,,,,,,,,,,,,,,,,,,,,,,,,,,,,,,,,,,,,,,,,,,,,,,,,
